date,campaign,spend,impressions,clicks,conversions
01/01/2021,tet_promotion,666.11,36191,1346,89
02/01/2021,tet_promotion,762.62,34114,1056,86
03/01/2021,tet_promotion,808.94,44430,1285,135
04/01/2021,tet_promotion,867.38,44118,1564,122
05/01/2021,tet_promotion,692.05,39130,1002,86
06/01/2021,tet_promotion,543.88,26684,792,43
07/01/2021,tet_promotion,493.7,27840,980,95
08/01/2021,tet_promotion,616.24,36470,1452,149
09/01/2021,tet_promotion,504.9,22476,764,79
10/01/2021,tet_promotion,669.52,40650,1350,119
11/01/2021,tet_promotion,708.31,39895,1192,134
12/01/2021,tet_promotion,783.76,40483,1237,85
13/01/2021,tet_promotion,730.54,33923,1029,98
14/01/2021,tet_promotion,740.21,43259,1128,108
15/01/2021,tet_promotion,656.14,41302,1264,139
16/01/2021,tet_promotion,722.65,42987,1291,101
17/01/2021,tet_promotion,625.7,38171,1136,94
18/01/2021,tet_promotion,813.89,47281,1452,129
19/01/2021,tet_promotion,502.4,23083,788,99
20/01/2021,tet_promotion,915.77,64213,2237,172
21/01/2021,tet_promotion,801.69,38347,678,61
22/01/2021,tet_promotion,797.5,47236,1877,181
23/01/2021,tet_promotion,714.31,34770,1090,73
24/01/2021,tet_promotion,627.76,41693,1377,124
25/01/2021,tet_promotion,588.41,41551,917,65
26/01/2021,tet_promotion,786.88,39734,1113,103
27/01/2021,tet_promotion,762.98,45088,1249,120
28/01/2021,tet_promotion,525.98,26033,703,63
29/01/2021,tet_promotion,629.77,31040,998,69
30/01/2021,tet_promotion,611.3,32477,947,66
31/01/2021,tet_promotion,521.36,32111,695,62
01/02/2021,tet_promotion,574.96,29181,673,56
02/02/2021,tet_promotion,605.25,37134,1083,74
03/02/2021,tet_promotion,527.02,32011,1115,88
04/02/2021,tet_promotion,873.18,49419,1508,139
05/02/2021,tet_promotion,539.13,29976,789,73
06/02/2021,tet_promotion,749.01,40704,1521,113
07/02/2021,tet_promotion,737.61,40017,1049,99
08/02/2021,tet_promotion,877.96,64588,2096,193
09/02/2021,tet_promotion,879.22,42819,1694,101
10/02/2021,tet_promotion,532.53,28572,859,85
11/02/2021,tet_promotion,543.14,29460,891,77
12/02/2021,tet_promotion,746.67,45246,1520,137
13/02/2021,tet_promotion,678.46,30956,707,63
14/02/2021,tet_promotion,504.46,25354,839,66
15/02/2021,tet_promotion,575.7,28543,918,98
16/02/2021,tet_promotion,466.91,24991,919,81
17/02/2021,tet_promotion,600.0,33116,1127,112
18/02/2021,tet_promotion,478.95,23866,796,72
19/02/2021,tet_promotion,701.93,40338,1468,134
20/02/2021,tet_promotion,983.42,50110,1514,95
21/02/2021,tet_promotion,744.51,42022,1311,88
22/02/2021,tet_promotion,910.14,52344,1891,122
23/02/2021,tet_promotion,712.86,41349,1679,157
24/02/2021,tet_promotion,801.93,36625,1133,97
25/02/2021,tet_promotion,660.8,35212,1071,111
26/02/2021,tet_promotion,621.25,36927,1309,104
27/02/2021,tet_promotion,689.5,28086,813,82
28/02/2021,tet_promotion,596.08,25429,937,61
01/03/2021,spring_campaign,489.25,26804,683,50
02/03/2021,spring_campaign,504.17,28283,892,77
03/03/2021,spring_campaign,381.24,19488,684,73
04/03/2021,spring_campaign,399.69,25783,968,60
05/03/2021,spring_campaign,443.35,27941,611,46
06/03/2021,spring_campaign,425.81,21128,674,53
07/03/2021,spring_campaign,323.28,17376,511,42
08/03/2021,spring_campaign,383.46,19251,527,38
09/03/2021,spring_campaign,419.27,20178,768,53
10/03/2021,spring_campaign,518.63,27381,796,59
11/03/2021,spring_campaign,418.56,23154,622,53
12/03/2021,spring_campaign,420.49,23391,890,41
13/03/2021,spring_campaign,372.19,18887,641,72
14/03/2021,spring_campaign,291.34,14460,442,43
15/03/2021,spring_campaign,465.22,23497,849,71
16/03/2021,spring_campaign,465.33,25803,896,76
17/03/2021,spring_campaign,331.71,16391,564,41
18/03/2021,spring_campaign,323.56,17381,597,56
19/03/2021,spring_campaign,344.43,18632,648,48
20/03/2021,spring_campaign,462.33,25881,699,66
21/03/2021,spring_campaign,373.47,24085,752,81
22/03/2021,spring_campaign,556.25,32618,1132,90
23/03/2021,spring_campaign,404.37,24285,1025,106
24/03/2021,spring_campaign,339.13,21343,612,69
25/03/2021,spring_campaign,482.15,28096,733,69
26/03/2021,spring_campaign,348.41,17664,556,33
27/03/2021,spring_campaign,399.94,22910,834,63
28/03/2021,spring_campaign,359.35,22675,867,51
29/03/2021,spring_campaign,433.29,26444,754,75
30/03/2021,spring_campaign,375.95,19816,512,53
31/03/2021,spring_campaign,322.48,11359,278,20
01/04/2021,summer_promotion,366.28,23140,614,46
02/04/2021,summer_promotion,485.23,28167,683,38
03/04/2021,summer_promotion,392.53,22562,672,61
04/04/2021,summer_promotion,411.83,24755,812,68
05/04/2021,summer_promotion,529.08,29882,980,60
06/04/2021,summer_promotion,512.96,27620,939,82
07/04/2021,summer_promotion,453.19,26102,1033,96
08/04/2021,summer_promotion,496.03,27725,1032,77
09/04/2021,summer_promotion,495.28,26215,649,62
10/04/2021,summer_promotion,575.27,30674,962,91
11/04/2021,summer_promotion,651.5,35691,1496,159
12/04/2021,summer_promotion,332.59,18169,631,51
13/04/2021,summer_promotion,589.35,33863,1181,97
14/04/2021,summer_promotion,340.36,19534,524,51
15/04/2021,summer_promotion,515.04,37298,1269,74
16/04/2021,summer_promotion,694.47,40489,1543,164
17/04/2021,summer_promotion,414.6,20436,741,51
18/04/2021,summer_promotion,334.6,17113,532,50
19/04/2021,summer_promotion,452.18,23053,787,68
20/04/2021,summer_promotion,561.81,26760,1132,77
21/04/2021,summer_promotion,589.76,35811,1014,85
22/04/2021,summer_promotion,448.77,26518,978,83
23/04/2021,summer_promotion,515.25,26355,944,90
24/04/2021,summer_promotion,477.15,23599,882,63
25/04/2021,summer_promotion,450.75,22883,770,65
26/04/2021,summer_promotion,382.18,20011,585,58
27/04/2021,summer_promotion,704.96,46138,1887,206
28/04/2021,summer_promotion,457.93,24430,649,65
29/04/2021,summer_promotion,521.98,26171,917,78
30/04/2021,summer_promotion,585.12,31770,937,81
01/05/2021,summer_promotion,492.66,29961,926,73
02/05/2021,summer_promotion,511.36,24626,733,70
03/05/2021,summer_promotion,416.42,25643,749,61
04/05/2021,summer_promotion,540.33,30187,782,47
05/05/2021,summer_promotion,512.31,25230,767,72
06/05/2021,summer_promotion,472.36,24396,643,55
07/05/2021,summer_promotion,696.84,34401,852,67
08/05/2021,summer_promotion,597.82,31846,999,83
09/05/2021,summer_promotion,506.17,24986,642,54
10/05/2021,summer_promotion,656.08,29522,905,73
11/05/2021,summer_promotion,452.77,25259,723,70
12/05/2021,summer_promotion,420.56,19544,605,56
13/05/2021,summer_promotion,745.36,40141,1620,100
14/05/2021,summer_promotion,573.5,36490,1157,114
15/05/2021,summer_promotion,467.62,24401,762,72
16/05/2021,summer_promotion,330.6,21030,651,49
17/05/2021,summer_promotion,596.62,33703,1519,104
18/05/2021,summer_promotion,476.6,24963,971,71
19/05/2021,summer_promotion,366.31,14628,354,30
20/05/2021,summer_promotion,418.31,25975,624,51
21/05/2021,summer_promotion,359.07,19182,531,40
22/05/2021,summer_promotion,312.98,18707,521,39
23/05/2021,summer_promotion,428.27,21847,819,81
24/05/2021,summer_promotion,496.31,23714,758,57
25/05/2021,summer_promotion,272.73,13638,435,31
26/05/2021,summer_promotion,444.73,26540,965,52
27/05/2021,summer_promotion,512.24,28139,934,69
28/05/2021,summer_promotion,498.64,20584,605,56
29/05/2021,summer_promotion,363.33,18480,506,43
30/05/2021,summer_promotion,576.59,29516,1213,89
31/05/2021,summer_promotion,553.05,31700,801,54
01/06/2021,summer_promotion,482.14,22843,546,42
02/06/2021,summer_promotion,341.53,18119,520,46
03/06/2021,summer_promotion,569.19,24717,722,67
04/06/2021,summer_promotion,708.84,38386,1231,89
05/06/2021,summer_promotion,688.83,35519,1197,114
06/06/2021,summer_promotion,358.02,16243,397,32
07/06/2021,summer_promotion,540.15,26443,1064,75
08/06/2021,summer_promotion,498.63,26112,662,49
09/06/2021,summer_promotion,458.79,20641,622,40
10/06/2021,summer_promotion,553.99,25811,642,42
11/06/2021,summer_promotion,501.3,30754,755,68
12/06/2021,summer_promotion,535.74,27462,939,84
13/06/2021,summer_promotion,425.09,17528,548,41
14/06/2021,summer_promotion,484.1,27534,1131,86
15/06/2021,summer_promotion,563.44,31166,887,60
16/06/2021,summer_promotion,352.52,14700,489,44
17/06/2021,summer_promotion,408.06,24031,763,62
18/06/2021,summer_promotion,403.49,20055,699,62
19/06/2021,summer_promotion,459.97,27391,922,58
20/06/2021,summer_promotion,609.36,32847,1373,98
21/06/2021,summer_promotion,297.43,17399,706,56
22/06/2021,summer_promotion,506.93,34383,1273,122
23/06/2021,summer_promotion,447.95,22823,580,39
24/06/2021,summer_promotion,481.86,27957,1158,125
25/06/2021,summer_promotion,517.32,29122,1001,83
26/06/2021,summer_promotion,633.5,32428,992,63
27/06/2021,summer_promotion,371.52,21419,795,78
28/06/2021,summer_promotion,577.92,28519,1179,110
29/06/2021,summer_promotion,463.27,25563,711,52
30/06/2021,summer_promotion,516.87,27294,900,79
01/07/2021,back_to_school,328.67,20668,875,65
02/07/2021,back_to_school,499.87,30535,984,87
03/07/2021,back_to_school,405.59,21226,712,74
04/07/2021,back_to_school,474.83,29090,982,82
05/07/2021,back_to_school,531.4,31030,1182,128
06/07/2021,back_to_school,504.77,29454,1101,87
07/07/2021,back_to_school,445.45,27060,720,43
08/07/2021,back_to_school,388.74,22936,768,64
09/07/2021,back_to_school,460.31,22692,727,55
10/07/2021,back_to_school,539.27,29705,1055,97
11/07/2021,back_to_school,452.56,23845,696,65
12/07/2021,back_to_school,513.22,25402,772,69
13/07/2021,back_to_school,465.73,28324,933,98
14/07/2021,back_to_school,407.04,23735,727,52
15/07/2021,back_to_school,219.18,11646,374,34
16/07/2021,back_to_school,552.74,31463,958,68
17/07/2021,back_to_school,418.02,23691,558,36
18/07/2021,back_to_school,449.07,28382,919,88
19/07/2021,back_to_school,433.88,20867,606,55
20/07/2021,back_to_school,411.99,22562,743,84
21/07/2021,back_to_school,570.32,25081,638,60
22/07/2021,back_to_school,449.72,25899,909,91
23/07/2021,back_to_school,272.37,13224,270,28
24/07/2021,back_to_school,460.19,24030,764,73
25/07/2021,back_to_school,470.33,21436,736,74
26/07/2021,back_to_school,421.42,23690,634,69
27/07/2021,back_to_school,361.81,18834,606,52
28/07/2021,back_to_school,491.75,23283,791,58
29/07/2021,back_to_school,451.55,25574,711,30
30/07/2021,back_to_school,572.08,30651,848,88
31/07/2021,back_to_school,569.65,31727,1248,113
01/08/2021,back_to_school,418.74,21877,806,67
02/08/2021,back_to_school,388.14,21784,748,60
03/08/2021,back_to_school,491.0,30820,990,102
04/08/2021,back_to_school,471.57,28111,887,75
05/08/2021,back_to_school,348.83,19694,250,17
06/08/2021,back_to_school,391.88,19630,731,48
07/08/2021,back_to_school,456.01,25824,920,84
08/08/2021,back_to_school,483.61,27811,1127,72
09/08/2021,back_to_school,327.31,17967,580,56
10/08/2021,back_to_school,455.31,27760,607,45
11/08/2021,back_to_school,497.17,26129,915,71
12/08/2021,back_to_school,417.28,24808,876,71
13/08/2021,back_to_school,573.58,30003,1002,47
14/08/2021,back_to_school,519.18,32846,1139,84
15/08/2021,back_to_school,537.65,30092,838,59
16/08/2021,back_to_school,493.64,24640,696,69
17/08/2021,back_to_school,519.49,32038,939,85
18/08/2021,back_to_school,624.16,33378,968,92
19/08/2021,back_to_school,507.79,23826,821,80
20/08/2021,back_to_school,347.81,15506,442,38
21/08/2021,back_to_school,463.28,26981,724,77
22/08/2021,back_to_school,608.42,35250,1056,82
23/08/2021,back_to_school,488.24,27178,894,67
24/08/2021,back_to_school,460.0,23599,631,43
25/08/2021,back_to_school,337.71,20145,496,39
26/08/2021,back_to_school,464.4,26860,802,76
27/08/2021,back_to_school,425.92,22481,650,44
28/08/2021,back_to_school,411.74,22023,709,77
29/08/2021,back_to_school,321.04,16517,451,42
30/08/2021,back_to_school,529.35,27771,774,75
31/08/2021,back_to_school,458.89,20515,580,49
01/09/2021,mid_autumn_campaign,352.94,24806,669,54
02/09/2021,mid_autumn_campaign,433.46,24169,651,49
03/09/2021,mid_autumn_campaign,443.2,25903,905,77
04/09/2021,mid_autumn_campaign,402.83,22373,669,43
05/09/2021,mid_autumn_campaign,338.39,19661,573,45
06/09/2021,mid_autumn_campaign,475.78,24899,719,72
07/09/2021,mid_autumn_campaign,380.9,17186,492,42
08/09/2021,mid_autumn_campaign,544.89,30280,1074,71
09/09/2021,mid_autumn_campaign,481.67,20744,759,71
10/09/2021,mid_autumn_campaign,590.76,33200,1165,95
11/09/2021,mid_autumn_campaign,369.27,20700,768,50
12/09/2021,mid_autumn_campaign,468.07,30419,765,44
13/09/2021,mid_autumn_campaign,342.95,14670,540,43
14/09/2021,mid_autumn_campaign,351.05,15533,554,42
15/09/2021,mid_autumn_campaign,425.02,23865,964,73
16/09/2021,mid_autumn_campaign,515.49,31986,1061,115
17/09/2021,mid_autumn_campaign,335.33,19075,743,81
18/09/2021,mid_autumn_campaign,501.11,30807,729,64
19/09/2021,mid_autumn_campaign,446.9,23573,605,46
20/09/2021,mid_autumn_campaign,557.34,29870,868,98
21/09/2021,mid_autumn_campaign,498.51,27476,972,60
22/09/2021,mid_autumn_campaign,371.23,23652,657,54
23/09/2021,mid_autumn_campaign,539.02,31932,950,71
24/09/2021,mid_autumn_campaign,401.25,23984,640,57
25/09/2021,mid_autumn_campaign,486.74,28241,915,55
26/09/2021,mid_autumn_campaign,479.71,30472,1133,95
27/09/2021,mid_autumn_campaign,377.13,19077,582,40
28/09/2021,mid_autumn_campaign,290.31,12189,332,28
29/09/2021,mid_autumn_campaign,492.38,32816,1159,109
30/09/2021,mid_autumn_campaign,584.31,30668,1250,130
01/10/2021,mid_autumn_campaign,418.87,24354,803,67
02/10/2021,mid_autumn_campaign,496.32,27808,974,86
03/10/2021,mid_autumn_campaign,426.31,21275,804,75
04/10/2021,mid_autumn_campaign,479.67,23791,866,83
05/10/2021,mid_autumn_campaign,592.18,33982,906,86
06/10/2021,mid_autumn_campaign,317.66,18620,763,69
07/10/2021,mid_autumn_campaign,341.21,20077,567,43
08/10/2021,mid_autumn_campaign,310.04,16607,553,55
09/10/2021,mid_autumn_campaign,487.23,26918,938,94
10/10/2021,mid_autumn_campaign,422.69,22329,706,48
11/10/2021,mid_autumn_campaign,478.69,31784,909,81
12/10/2021,mid_autumn_campaign,439.3,20633,771,63
13/10/2021,mid_autumn_campaign,465.33,24780,765,59
14/10/2021,mid_autumn_campaign,539.3,30025,879,77
15/10/2021,mid_autumn_campaign,451.93,26345,832,69
16/10/2021,mid_autumn_campaign,318.42,15893,372,31
17/10/2021,mid_autumn_campaign,480.94,31036,817,62
18/10/2021,mid_autumn_campaign,544.85,28824,966,83
19/10/2021,mid_autumn_campaign,332.17,17590,699,66
20/10/2021,mid_autumn_campaign,564.93,32128,890,81
21/10/2021,mid_autumn_campaign,408.29,22972,874,104
22/10/2021,mid_autumn_campaign,449.29,23325,811,72
23/10/2021,mid_autumn_campaign,419.41,21933,660,52
24/10/2021,mid_autumn_campaign,333.5,19626,664,57
25/10/2021,mid_autumn_campaign,263.04,14034,528,49
26/10/2021,mid_autumn_campaign,359.0,19177,670,53
27/10/2021,mid_autumn_campaign,471.83,21535,706,67
28/10/2021,mid_autumn_campaign,290.34,17043,479,36
29/10/2021,mid_autumn_campaign,378.71,20257,695,54
30/10/2021,mid_autumn_campaign,362.58,20083,645,54
31/10/2021,mid_autumn_campaign,236.48,14248,487,38
01/11/2021,year_end_promotion,641.88,41854,1185,97
02/11/2021,year_end_promotion,699.11,35413,1233,84
03/11/2021,year_end_promotion,667.06,32603,727,53
04/11/2021,year_end_promotion,552.52,26667,874,66
05/11/2021,year_end_promotion,799.64,41899,1385,122
06/11/2021,year_end_promotion,506.34,29756,1096,93
07/11/2021,year_end_promotion,714.07,40620,951,91
08/11/2021,year_end_promotion,310.02,17071,446,25
09/11/2021,year_end_promotion,531.11,24598,814,64
10/11/2021,year_end_promotion,434.71,19356,528,55
11/11/2021,year_end_promotion,583.43,34449,1285,113
12/11/2021,year_end_promotion,589.73,34110,1250,122
13/11/2021,year_end_promotion,452.46,22473,660,71
14/11/2021,year_end_promotion,682.27,33356,1082,103
15/11/2021,year_end_promotion,660.8,38502,1276,115
16/11/2021,year_end_promotion,498.32,29874,989,91
17/11/2021,year_end_promotion,690.51,41659,1565,75
18/11/2021,year_end_promotion,839.39,35397,968,102
19/11/2021,year_end_promotion,676.13,41561,1618,126
20/11/2021,year_end_promotion,798.06,42003,1230,99
21/11/2021,year_end_promotion,523.32,26999,716,58
22/11/2021,year_end_promotion,515.32,24990,894,78
23/11/2021,year_end_promotion,499.47,34488,1021,93
24/11/2021,year_end_promotion,794.24,41251,801,84
25/11/2021,year_end_promotion,943.64,56591,1382,141
26/11/2021,year_end_promotion,642.24,37270,1049,64
27/11/2021,year_end_promotion,537.57,27994,935,57
28/11/2021,year_end_promotion,457.87,24556,846,76
29/11/2021,year_end_promotion,549.2,29911,997,80
30/11/2021,year_end_promotion,405.49,22497,724,59
01/12/2021,year_end_promotion,662.58,37303,1204,125
02/12/2021,year_end_promotion,529.44,30028,863,58
03/12/2021,year_end_promotion,739.96,41957,1437,145
04/12/2021,year_end_promotion,743.66,38172,783,65
05/12/2021,year_end_promotion,536.56,27370,1106,86
06/12/2021,year_end_promotion,580.88,34537,1095,80
07/12/2021,year_end_promotion,845.54,40735,1408,127
08/12/2021,year_end_promotion,787.54,38562,1255,101
09/12/2021,year_end_promotion,457.48,24859,751,67
10/12/2021,year_end_promotion,575.09,30555,1167,132
11/12/2021,year_end_promotion,720.37,41460,1051,77
12/12/2021,year_end_promotion,723.59,43175,1369,138
13/12/2021,year_end_promotion,514.19,24981,653,61
14/12/2021,year_end_promotion,609.08,33670,1167,109
15/12/2021,year_end_promotion,436.6,24418,927,80
16/12/2021,year_end_promotion,635.65,43815,1212,101
17/12/2021,year_end_promotion,582.7,33201,953,80
18/12/2021,year_end_promotion,579.52,35301,1244,132
19/12/2021,year_end_promotion,680.63,34603,1113,94
20/12/2021,year_end_promotion,561.9,35133,989,81
21/12/2021,year_end_promotion,607.07,25525,817,91
22/12/2021,year_end_promotion,707.53,37748,917,72
23/12/2021,year_end_promotion,801.61,42132,1192,76
24/12/2021,year_end_promotion,610.39,32301,1183,96
25/12/2021,year_end_promotion,712.34,36198,1451,159
26/12/2021,year_end_promotion,542.26,29649,1167,106
27/12/2021,year_end_promotion,734.25,41302,1108,94
28/12/2021,year_end_promotion,758.41,52447,2084,191
29/12/2021,year_end_promotion,720.42,43350,1690,155
30/12/2021,year_end_promotion,820.86,45396,1586,150
31/12/2021,year_end_promotion,596.38,33551,1133,108
01/01/2022,tet_promotion,685.66,38878,1179,85
02/01/2022,tet_promotion,973.78,49852,1834,141
03/01/2022,tet_promotion,736.9,37402,1059,82
04/01/2022,tet_promotion,770.06,35051,1198,94
05/01/2022,tet_promotion,574.03,27011,730,62
06/01/2022,tet_promotion,800.66,42488,1074,80
07/01/2022,tet_promotion,867.58,44226,1216,84
08/01/2022,tet_promotion,1022.74,58917,1667,160
09/01/2022,tet_promotion,549.78,30932,842,37
10/01/2022,tet_promotion,715.01,30852,1177,106
11/01/2022,tet_promotion,728.97,36952,1121,91
12/01/2022,tet_promotion,724.06,42904,1508,128
13/01/2022,tet_promotion,625.48,28284,694,76
14/01/2022,tet_promotion,789.1,47797,1309,110
15/01/2022,tet_promotion,740.66,42717,1138,96
16/01/2022,tet_promotion,481.58,25076,865,68
17/01/2022,tet_promotion,708.24,36791,1380,122
18/01/2022,tet_promotion,589.39,32561,1199,106
19/01/2022,tet_promotion,688.21,33880,1138,92
20/01/2022,tet_promotion,774.76,40820,1186,82
21/01/2022,tet_promotion,741.23,50162,1592,120
22/01/2022,tet_promotion,802.58,48862,1433,153
23/01/2022,tet_promotion,964.57,50169,1956,162
24/01/2022,tet_promotion,655.68,40892,1756,165
25/01/2022,tet_promotion,630.73,38946,1304,120
26/01/2022,tet_promotion,822.89,36887,1222,101
27/01/2022,tet_promotion,565.44,25895,532,35
28/01/2022,tet_promotion,617.74,31662,1177,84
29/01/2022,tet_promotion,744.53,36947,1067,76
30/01/2022,tet_promotion,796.12,48339,1648,163
31/01/2022,tet_promotion,633.16,36977,1267,74
01/02/2022,tet_promotion,732.93,45748,1922,153
02/02/2022,tet_promotion,545.16,32550,1043,91
03/02/2022,tet_promotion,687.54,43983,1449,160
04/02/2022,tet_promotion,577.26,29321,1014,91
05/02/2022,tet_promotion,717.22,36211,1454,136
06/02/2022,tet_promotion,840.36,44213,1235,71
07/02/2022,tet_promotion,817.59,44698,1478,148
08/02/2022,tet_promotion,702.69,37803,1203,121
09/02/2022,tet_promotion,603.37,31785,1001,102
10/02/2022,tet_promotion,450.59,24008,723,64
11/02/2022,tet_promotion,646.99,37411,1120,79
12/02/2022,tet_promotion,809.66,49018,1579,132
13/02/2022,tet_promotion,570.33,27939,816,50
14/02/2022,tet_promotion,701.92,34043,1010,70
15/02/2022,tet_promotion,801.78,46356,1579,121
16/02/2022,tet_promotion,787.06,43058,1239,122
17/02/2022,tet_promotion,793.39,44501,1359,98
18/02/2022,tet_promotion,617.19,32827,1020,99
19/02/2022,tet_promotion,732.26,44846,1539,139
20/02/2022,tet_promotion,614.58,31996,841,67
21/02/2022,tet_promotion,578.74,37347,1230,122
22/02/2022,tet_promotion,856.07,40127,1529,141
23/02/2022,tet_promotion,915.05,48634,1723,178
24/02/2022,tet_promotion,671.06,33794,1401,111
25/02/2022,tet_promotion,1086.95,55179,1421,133
26/02/2022,tet_promotion,732.33,37158,1261,71
27/02/2022,tet_promotion,954.03,48580,1204,69
28/02/2022,tet_promotion,722.11,46421,1360,117
01/03/2022,spring_campaign,518.16,26240,949,61
02/03/2022,spring_campaign,387.05,19580,456,53
03/03/2022,spring_campaign,401.48,21592,627,54
04/03/2022,spring_campaign,489.89,29342,1025,94
05/03/2022,spring_campaign,514.42,23309,735,69
06/03/2022,spring_campaign,324.21,16088,294,27
07/03/2022,spring_campaign,374.28,19736,676,43
08/03/2022,spring_campaign,455.14,24896,794,77
09/03/2022,spring_campaign,425.4,27616,928,89
10/03/2022,spring_campaign,464.02,18835,813,61
11/03/2022,spring_campaign,382.15,20319,647,67
12/03/2022,spring_campaign,405.79,24817,556,47
13/03/2022,spring_campaign,448.9,28930,1326,109
14/03/2022,spring_campaign,333.11,19828,594,38
15/03/2022,spring_campaign,309.4,14849,485,44
16/03/2022,spring_campaign,468.48,26176,860,65
17/03/2022,spring_campaign,593.0,35401,1272,138
18/03/2022,spring_campaign,456.83,22651,735,63
19/03/2022,spring_campaign,427.59,20795,411,32
20/03/2022,spring_campaign,408.57,20008,692,41
21/03/2022,spring_campaign,394.0,25482,853,53
22/03/2022,spring_campaign,424.35,23506,687,49
23/03/2022,spring_campaign,527.24,28019,1144,102
24/03/2022,spring_campaign,349.08,16602,433,32
25/03/2022,spring_campaign,399.93,25157,652,62
26/03/2022,spring_campaign,313.77,15850,628,49
27/03/2022,spring_campaign,438.32,21128,802,70
28/03/2022,spring_campaign,403.89,27310,861,81
29/03/2022,spring_campaign,385.48,25311,642,44
30/03/2022,spring_campaign,475.44,29432,1007,93
31/03/2022,spring_campaign,402.28,23392,661,44
01/04/2022,summer_promotion,427.38,25464,1003,82
02/04/2022,summer_promotion,299.1,15761,669,67
03/04/2022,summer_promotion,504.94,27835,868,87
04/04/2022,summer_promotion,547.86,38243,1178,88
05/04/2022,summer_promotion,601.51,34276,1151,110
06/04/2022,summer_promotion,559.73,28203,732,43
07/04/2022,summer_promotion,486.55,25409,722,54
08/04/2022,summer_promotion,581.78,37391,1157,113
09/04/2022,summer_promotion,620.68,35055,835,71
10/04/2022,summer_promotion,430.06,19815,624,48
11/04/2022,summer_promotion,497.95,23500,695,58
12/04/2022,summer_promotion,607.7,33514,903,62
13/04/2022,summer_promotion,724.21,40736,1119,112
14/04/2022,summer_promotion,535.16,28372,791,32
15/04/2022,summer_promotion,509.13,25091,711,68
16/04/2022,summer_promotion,570.38,29135,815,56
17/04/2022,summer_promotion,598.93,39562,995,83
18/04/2022,summer_promotion,628.78,28328,855,85
19/04/2022,summer_promotion,686.69,40851,1279,122
20/04/2022,summer_promotion,560.66,33458,852,54
21/04/2022,summer_promotion,699.39,39580,1598,129
22/04/2022,summer_promotion,624.78,36975,1070,120
23/04/2022,summer_promotion,484.95,25638,1052,124
24/04/2022,summer_promotion,468.31,25100,511,33
25/04/2022,summer_promotion,660.76,38739,1119,98
26/04/2022,summer_promotion,549.88,28140,1116,98
27/04/2022,summer_promotion,431.05,26199,880,63
28/04/2022,summer_promotion,443.13,23276,769,59
29/04/2022,summer_promotion,631.8,38787,1180,67
30/04/2022,summer_promotion,495.26,25433,997,90
01/05/2022,summer_promotion,638.05,34259,1266,109
02/05/2022,summer_promotion,519.98,30596,864,88
03/05/2022,summer_promotion,438.72,24674,603,48
04/05/2022,summer_promotion,508.54,24876,1109,87
05/05/2022,summer_promotion,637.06,29536,982,69
06/05/2022,summer_promotion,637.62,38457,1345,133
07/05/2022,summer_promotion,423.79,23888,798,71
08/05/2022,summer_promotion,641.98,45956,1347,126
09/05/2022,summer_promotion,597.23,34350,905,89
10/05/2022,summer_promotion,650.42,36843,1321,113
11/05/2022,summer_promotion,581.39,27626,856,88
12/05/2022,summer_promotion,552.1,29292,1172,113
13/05/2022,summer_promotion,465.58,23707,813,67
14/05/2022,summer_promotion,539.43,33779,904,94
15/05/2022,summer_promotion,504.05,25310,904,70
16/05/2022,summer_promotion,383.34,25531,859,71
17/05/2022,summer_promotion,567.03,36736,1351,97
18/05/2022,summer_promotion,325.89,20437,680,32
19/05/2022,summer_promotion,383.81,21512,607,54
20/05/2022,summer_promotion,497.55,28764,931,80
21/05/2022,summer_promotion,533.43,35138,1197,79
22/05/2022,summer_promotion,640.39,34914,958,70
23/05/2022,summer_promotion,674.4,40117,1209,114
24/05/2022,summer_promotion,476.55,22487,795,74
25/05/2022,summer_promotion,391.17,18331,585,63
26/05/2022,summer_promotion,473.86,25992,675,72
27/05/2022,summer_promotion,498.23,28577,918,84
28/05/2022,summer_promotion,623.93,29779,706,69
29/05/2022,summer_promotion,414.36,25718,968,58
30/05/2022,summer_promotion,756.85,47889,1363,131
31/05/2022,summer_promotion,626.09,30342,1119,108
01/06/2022,summer_promotion,539.5,27736,736,59
02/06/2022,summer_promotion,664.56,37918,1226,80
03/06/2022,summer_promotion,456.55,25643,587,46
04/06/2022,summer_promotion,619.03,33297,798,76
05/06/2022,summer_promotion,633.98,28851,808,65
06/06/2022,summer_promotion,708.6,40769,1287,101
07/06/2022,summer_promotion,440.72,30256,942,77
08/06/2022,summer_promotion,669.1,41353,1350,127
09/06/2022,summer_promotion,479.44,29982,956,74
10/06/2022,summer_promotion,705.96,38957,1337,85
11/06/2022,summer_promotion,681.11,40703,1250,73
12/06/2022,summer_promotion,519.76,32527,1176,107
13/06/2022,summer_promotion,751.37,43443,1658,153
14/06/2022,summer_promotion,598.83,33476,1024,80
15/06/2022,summer_promotion,646.72,38963,1267,121
16/06/2022,summer_promotion,321.66,16150,497,42
17/06/2022,summer_promotion,532.07,33549,988,65
18/06/2022,summer_promotion,659.17,35198,810,67
19/06/2022,summer_promotion,756.7,43204,1710,153
20/06/2022,summer_promotion,563.17,28422,1131,108
21/06/2022,summer_promotion,515.67,30341,1263,114
22/06/2022,summer_promotion,551.06,28640,816,60
23/06/2022,summer_promotion,313.14,16094,532,33
24/06/2022,summer_promotion,491.49,29525,947,61
25/06/2022,summer_promotion,752.73,43291,1672,130
26/06/2022,summer_promotion,555.81,32253,1114,94
27/06/2022,summer_promotion,559.94,26828,758,82
28/06/2022,summer_promotion,460.08,26181,588,40
29/06/2022,summer_promotion,601.39,29705,990,76
30/06/2022,summer_promotion,494.28,23876,748,47
01/07/2022,back_to_school,518.88,30241,1555,97
02/07/2022,back_to_school,711.22,36895,1334,112
03/07/2022,back_to_school,509.81,30906,535,44
04/07/2022,back_to_school,386.61,22047,760,81
05/07/2022,back_to_school,537.01,31299,865,84
06/07/2022,back_to_school,489.49,24534,699,58
07/07/2022,back_to_school,533.78,31224,1085,109
08/07/2022,back_to_school,524.85,26300,883,84
09/07/2022,back_to_school,690.5,37611,1275,106
10/07/2022,back_to_school,496.46,24724,725,73
11/07/2022,back_to_school,482.62,22344,812,73
12/07/2022,back_to_school,490.25,25132,920,79
13/07/2022,back_to_school,635.93,40321,1614,125
14/07/2022,back_to_school,589.14,30644,1156,117
15/07/2022,back_to_school,642.7,37150,1155,111
16/07/2022,back_to_school,501.35,27373,860,57
17/07/2022,back_to_school,561.8,25311,995,82
18/07/2022,back_to_school,442.17,24326,881,80
19/07/2022,back_to_school,291.12,14001,375,33
20/07/2022,back_to_school,528.47,29266,1249,111
21/07/2022,back_to_school,570.79,29911,1129,98
22/07/2022,back_to_school,600.43,30047,889,78
23/07/2022,back_to_school,441.27,21566,908,86
24/07/2022,back_to_school,415.08,21183,722,57
25/07/2022,back_to_school,552.75,33023,789,45
26/07/2022,back_to_school,524.17,29131,845,62
27/07/2022,back_to_school,476.47,20899,799,71
28/07/2022,back_to_school,546.05,27553,1068,83
29/07/2022,back_to_school,537.68,28149,1012,118
30/07/2022,back_to_school,395.92,20789,384,36
31/07/2022,back_to_school,528.97,24296,727,61
01/08/2022,back_to_school,585.95,31525,782,58
02/08/2022,back_to_school,534.44,30661,710,58
03/08/2022,back_to_school,563.73,24856,864,71
04/08/2022,back_to_school,436.22,26003,884,75
05/08/2022,back_to_school,512.66,25700,845,83
06/08/2022,back_to_school,316.27,15431,586,44
07/08/2022,back_to_school,451.25,21823,641,61
08/08/2022,back_to_school,478.56,27517,783,54
09/08/2022,back_to_school,551.91,30737,946,92
10/08/2022,back_to_school,454.43,21388,699,49
11/08/2022,back_to_school,500.88,23991,938,89
12/08/2022,back_to_school,559.2,31887,1013,72
13/08/2022,back_to_school,543.46,32607,1330,104
14/08/2022,back_to_school,692.95,32283,872,88
15/08/2022,back_to_school,470.23,26938,750,61
16/08/2022,back_to_school,522.72,28832,765,73
17/08/2022,back_to_school,478.32,25159,858,72
18/08/2022,back_to_school,406.22,21402,611,48
19/08/2022,back_to_school,511.67,29334,1017,91
20/08/2022,back_to_school,541.06,27069,971,71
21/08/2022,back_to_school,572.33,31721,774,79
22/08/2022,back_to_school,495.56,23759,741,51
23/08/2022,back_to_school,648.74,38187,1257,98
24/08/2022,back_to_school,542.41,31760,953,66
25/08/2022,back_to_school,516.61,22873,567,45
26/08/2022,back_to_school,530.42,34211,697,51
27/08/2022,back_to_school,376.71,22506,648,56
28/08/2022,back_to_school,547.91,27067,1012,111
29/08/2022,back_to_school,497.39,30306,1123,107
30/08/2022,back_to_school,489.28,28942,991,76
31/08/2022,back_to_school,616.59,32532,1487,129
01/09/2022,mid_autumn_campaign,293.41,14993,522,50
02/09/2022,mid_autumn_campaign,577.74,31907,972,79
03/09/2022,mid_autumn_campaign,455.87,30219,1219,102
04/09/2022,mid_autumn_campaign,552.01,29824,1003,111
05/09/2022,mid_autumn_campaign,622.08,32496,960,85
06/09/2022,mid_autumn_campaign,499.81,28859,764,55
07/09/2022,mid_autumn_campaign,441.57,21366,792,46
08/09/2022,mid_autumn_campaign,489.96,23415,716,61
09/09/2022,mid_autumn_campaign,390.52,19834,810,69
10/09/2022,mid_autumn_campaign,499.09,30450,910,85
11/09/2022,mid_autumn_campaign,502.65,31245,1145,101
12/09/2022,mid_autumn_campaign,464.04,27257,939,86
13/09/2022,mid_autumn_campaign,465.92,24058,979,92
14/09/2022,mid_autumn_campaign,462.03,31801,972,104
15/09/2022,mid_autumn_campaign,594.21,25150,872,50
16/09/2022,mid_autumn_campaign,708.25,37395,1346,109
17/09/2022,mid_autumn_campaign,624.69,36183,1512,127
18/09/2022,mid_autumn_campaign,423.69,27477,886,63
19/09/2022,mid_autumn_campaign,513.03,31793,1043,86
20/09/2022,mid_autumn_campaign,500.42,27243,905,79
21/09/2022,mid_autumn_campaign,477.0,27540,927,85
22/09/2022,mid_autumn_campaign,475.89,25769,1012,97
23/09/2022,mid_autumn_campaign,471.52,25867,1087,99
24/09/2022,mid_autumn_campaign,411.93,23575,893,55
25/09/2022,mid_autumn_campaign,565.43,34121,1045,88
26/09/2022,mid_autumn_campaign,489.8,22444,732,72
27/09/2022,mid_autumn_campaign,481.2,26075,857,65
28/09/2022,mid_autumn_campaign,382.44,23346,818,88
29/09/2022,mid_autumn_campaign,447.97,21375,601,43
30/09/2022,mid_autumn_campaign,634.83,39176,970,87
01/10/2022,mid_autumn_campaign,472.24,23433,719,65
02/10/2022,mid_autumn_campaign,507.61,26992,915,72
03/10/2022,mid_autumn_campaign,459.19,25481,893,88
04/10/2022,mid_autumn_campaign,422.38,20434,600,57
05/10/2022,mid_autumn_campaign,553.87,26360,974,73
06/10/2022,mid_autumn_campaign,394.54,23095,807,80
07/10/2022,mid_autumn_campaign,639.06,32119,1242,97
08/10/2022,mid_autumn_campaign,463.1,28128,1111,115
09/10/2022,mid_autumn_campaign,546.7,30053,934,60
10/10/2022,mid_autumn_campaign,505.7,23485,738,80
11/10/2022,mid_autumn_campaign,481.6,26099,881,74
12/10/2022,mid_autumn_campaign,318.69,17107,418,37
13/10/2022,mid_autumn_campaign,441.08,21142,616,32
14/10/2022,mid_autumn_campaign,456.6,24285,818,55
15/10/2022,mid_autumn_campaign,476.19,31944,970,75
16/10/2022,mid_autumn_campaign,484.12,28722,904,107
17/10/2022,mid_autumn_campaign,540.01,28694,1024,97
18/10/2022,mid_autumn_campaign,452.11,26490,768,75
19/10/2022,mid_autumn_campaign,297.7,16677,551,35
20/10/2022,mid_autumn_campaign,363.07,17456,677,68
21/10/2022,mid_autumn_campaign,401.23,23912,780,62
22/10/2022,mid_autumn_campaign,396.93,21089,680,51
23/10/2022,mid_autumn_campaign,611.72,35315,996,109
24/10/2022,mid_autumn_campaign,373.61,18499,415,34
25/10/2022,mid_autumn_campaign,565.04,27201,828,61
26/10/2022,mid_autumn_campaign,467.79,24130,635,46
27/10/2022,mid_autumn_campaign,384.92,23419,817,58
28/10/2022,mid_autumn_campaign,534.15,25739,758,53
29/10/2022,mid_autumn_campaign,490.74,27700,772,65
30/10/2022,mid_autumn_campaign,472.51,29957,804,70
31/10/2022,mid_autumn_campaign,629.24,41289,1081,73
01/11/2022,year_end_promotion,756.03,35151,937,72
02/11/2022,year_end_promotion,759.36,35338,1144,91
03/11/2022,year_end_promotion,970.82,56831,1628,173
04/11/2022,year_end_promotion,546.32,28140,1062,99
05/11/2022,year_end_promotion,767.24,38048,903,83
06/11/2022,year_end_promotion,625.89,37471,1143,103
07/11/2022,year_end_promotion,657.3,34574,1322,101
08/11/2022,year_end_promotion,908.81,55336,1369,87
09/11/2022,year_end_promotion,553.76,27911,650,74
10/11/2022,year_end_promotion,523.17,34695,1484,145
11/11/2022,year_end_promotion,700.7,36730,1385,148
12/11/2022,year_end_promotion,880.97,57340,1983,191
13/11/2022,year_end_promotion,603.32,30576,718,64
14/11/2022,year_end_promotion,387.95,21098,721,62
15/11/2022,year_end_promotion,742.2,37657,1171,101
16/11/2022,year_end_promotion,574.26,39150,975,78
17/11/2022,year_end_promotion,635.36,37666,1115,85
18/11/2022,year_end_promotion,731.99,32909,1407,127
19/11/2022,year_end_promotion,512.19,27505,801,67
20/11/2022,year_end_promotion,749.03,44355,935,87
21/11/2022,year_end_promotion,640.65,29431,1055,91
22/11/2022,year_end_promotion,567.75,32682,1111,57
23/11/2022,year_end_promotion,754.75,37182,1269,108
24/11/2022,year_end_promotion,725.51,46884,1469,117
25/11/2022,year_end_promotion,542.83,31902,1141,97
26/11/2022,year_end_promotion,438.77,26483,839,61
27/11/2022,year_end_promotion,617.79,33946,1091,103
28/11/2022,year_end_promotion,760.28,40481,1362,149
29/11/2022,year_end_promotion,664.86,30901,1294,84
30/11/2022,year_end_promotion,510.71,23329,758,85
01/12/2022,year_end_promotion,765.98,43650,1378,117
02/12/2022,year_end_promotion,632.89,44146,1642,140
03/12/2022,year_end_promotion,687.69,37522,1128,87
04/12/2022,year_end_promotion,791.36,41056,1270,120
05/12/2022,year_end_promotion,974.48,49252,1255,110
06/12/2022,year_end_promotion,591.52,35532,1194,122
07/12/2022,year_end_promotion,615.7,30350,998,88
08/12/2022,year_end_promotion,725.07,41376,1820,146
09/12/2022,year_end_promotion,751.26,40892,1366,124
10/12/2022,year_end_promotion,630.49,32808,1264,106
11/12/2022,year_end_promotion,576.93,24902,683,37
12/12/2022,year_end_promotion,771.79,42138,1580,131
13/12/2022,year_end_promotion,777.94,43495,1329,92
14/12/2022,year_end_promotion,616.88,33257,1075,86
15/12/2022,year_end_promotion,840.71,46391,1399,107
16/12/2022,year_end_promotion,825.79,49859,1618,114
17/12/2022,year_end_promotion,583.03,32664,1100,88
18/12/2022,year_end_promotion,754.74,43380,1312,96
19/12/2022,year_end_promotion,617.3,37433,1571,115
20/12/2022,year_end_promotion,557.72,27838,1080,101
21/12/2022,year_end_promotion,941.04,39819,1064,107
22/12/2022,year_end_promotion,499.4,29005,983,73
23/12/2022,year_end_promotion,730.47,38085,1196,102
24/12/2022,year_end_promotion,660.44,43514,1510,152
25/12/2022,year_end_promotion,641.11,37829,1173,91
26/12/2022,year_end_promotion,613.52,36975,1297,86
27/12/2022,year_end_promotion,615.55,31977,992,108
28/12/2022,year_end_promotion,787.11,42126,1228,90
29/12/2022,year_end_promotion,804.15,37428,825,86
30/12/2022,year_end_promotion,882.3,50854,1823,111
31/12/2022,year_end_promotion,318.97,16817,579,53
01/01/2023,tet_promotion,1069.52,55833,1795,163
02/01/2023,tet_promotion,703.55,38703,1238,72
03/01/2023,tet_promotion,970.21,56857,1641,135
04/01/2023,tet_promotion,894.58,47799,1471,92
05/01/2023,tet_promotion,901.86,50272,1677,104
06/01/2023,tet_promotion,1063.64,59485,1788,206
07/01/2023,tet_promotion,813.3,37652,1128,57
08/01/2023,tet_promotion,974.89,51182,1447,146
09/01/2023,tet_promotion,576.3,33547,727,54
10/01/2023,tet_promotion,642.26,40958,1672,133
11/01/2023,tet_promotion,944.09,50905,1773,130
12/01/2023,tet_promotion,567.85,25088,850,100
13/01/2023,tet_promotion,859.77,44581,1852,164
14/01/2023,tet_promotion,834.97,47188,1478,118
15/01/2023,tet_promotion,608.2,35281,1112,114
16/01/2023,tet_promotion,765.56,33349,1050,116
17/01/2023,tet_promotion,763.41,37911,986,68
18/01/2023,tet_promotion,775.69,37171,1467,118
19/01/2023,tet_promotion,836.04,53196,2102,171
20/01/2023,tet_promotion,869.0,51627,1602,93
21/01/2023,tet_promotion,916.63,55333,1885,134
22/01/2023,tet_promotion,791.07,40704,1241,129
23/01/2023,tet_promotion,1045.77,61717,2144,204
24/01/2023,tet_promotion,818.19,44629,1277,107
25/01/2023,tet_promotion,1153.57,69461,2103,163
26/01/2023,tet_promotion,692.4,39637,1345,85
27/01/2023,tet_promotion,891.78,46000,1800,157
28/01/2023,tet_promotion,1073.54,56093,1714,153
29/01/2023,tet_promotion,975.86,56985,1472,129
30/01/2023,tet_promotion,823.28,43160,1241,138
31/01/2023,tet_promotion,762.38,38061,1339,116
01/02/2023,tet_promotion,808.81,48276,1662,150
02/02/2023,tet_promotion,962.32,54565,1577,125
03/02/2023,tet_promotion,743.1,41805,1112,63
04/02/2023,tet_promotion,833.01,39135,870,78
05/02/2023,tet_promotion,715.05,41456,1216,82
06/02/2023,tet_promotion,636.46,33038,1012,73
07/02/2023,tet_promotion,778.51,35642,1143,66
08/02/2023,tet_promotion,791.39,46837,1754,194
09/02/2023,tet_promotion,590.29,35153,1336,133
10/02/2023,tet_promotion,682.83,39242,1620,101
11/02/2023,tet_promotion,890.31,54908,1565,146
12/02/2023,tet_promotion,661.94,33180,926,81
13/02/2023,tet_promotion,806.57,48978,1337,111
14/02/2023,tet_promotion,961.85,56138,1424,135
15/02/2023,tet_promotion,749.39,42949,1438,148
16/02/2023,tet_promotion,837.2,36733,923,88
17/02/2023,tet_promotion,781.87,48341,1613,118
18/02/2023,tet_promotion,979.76,49140,1068,123
19/02/2023,tet_promotion,537.97,31642,1161,101
20/02/2023,tet_promotion,571.53,34914,865,56
21/02/2023,tet_promotion,766.62,45791,1534,149
22/02/2023,tet_promotion,754.52,40719,1071,85
23/02/2023,tet_promotion,907.55,48282,1659,126
24/02/2023,tet_promotion,732.56,40462,1255,117
25/02/2023,tet_promotion,846.32,55384,1711,139
26/02/2023,tet_promotion,666.48,36747,1301,96
27/02/2023,tet_promotion,812.67,48200,1511,116
28/02/2023,tet_promotion,963.63,53560,1820,186
01/03/2023,spring_campaign,578.96,30636,899,80
02/03/2023,spring_campaign,468.53,20428,783,66
03/03/2023,spring_campaign,543.62,26073,1002,76
04/03/2023,spring_campaign,470.7,21930,683,55
05/03/2023,spring_campaign,463.98,26739,863,85
06/03/2023,spring_campaign,439.55,21548,687,64
07/03/2023,spring_campaign,587.54,35183,815,73
08/03/2023,spring_campaign,606.18,33567,987,88
09/03/2023,spring_campaign,436.52,25682,820,86
10/03/2023,spring_campaign,523.16,26501,928,91
11/03/2023,spring_campaign,430.89,22598,462,45
12/03/2023,spring_campaign,429.22,18141,420,34
13/03/2023,spring_campaign,545.72,29722,1021,69
14/03/2023,spring_campaign,364.11,21961,756,63
15/03/2023,spring_campaign,590.77,29120,870,87
16/03/2023,spring_campaign,638.79,35165,1420,107
17/03/2023,spring_campaign,508.49,27436,660,58
18/03/2023,spring_campaign,560.59,30333,959,101
19/03/2023,spring_campaign,372.02,17118,491,32
20/03/2023,spring_campaign,596.32,33905,938,71
21/03/2023,spring_campaign,727.2,37334,1052,94
22/03/2023,spring_campaign,535.15,30145,827,55
23/03/2023,spring_campaign,531.51,29060,691,70
24/03/2023,spring_campaign,546.99,29293,899,79
25/03/2023,spring_campaign,420.64,19732,663,42
26/03/2023,spring_campaign,513.76,23814,750,62
27/03/2023,spring_campaign,634.02,30822,768,57
28/03/2023,spring_campaign,382.91,19705,672,64
29/03/2023,spring_campaign,623.39,31531,1424,163
30/03/2023,spring_campaign,462.42,19075,602,51
31/03/2023,spring_campaign,281.34,15598,483,35
01/04/2023,summer_promotion,667.68,40749,1204,106
02/04/2023,summer_promotion,529.28,26612,862,80
03/04/2023,summer_promotion,539.16,22492,785,47
04/04/2023,summer_promotion,613.18,40270,1285,86
05/04/2023,summer_promotion,442.19,27425,875,81
06/04/2023,summer_promotion,700.04,38296,1166,82
07/04/2023,summer_promotion,267.09,12257,387,31
08/04/2023,summer_promotion,643.58,34907,1144,110
09/04/2023,summer_promotion,504.42,26874,644,64
10/04/2023,summer_promotion,604.15,35003,1390,140
11/04/2023,summer_promotion,593.52,35448,880,80
12/04/2023,summer_promotion,615.0,27853,1077,80
13/04/2023,summer_promotion,673.79,35360,1307,136
14/04/2023,summer_promotion,510.35,23383,732,71
15/04/2023,summer_promotion,559.9,28733,989,43
16/04/2023,summer_promotion,528.21,24665,825,61
17/04/2023,summer_promotion,479.56,25357,625,53
18/04/2023,summer_promotion,526.3,27754,788,77
19/04/2023,summer_promotion,588.24,34204,1176,85
20/04/2023,summer_promotion,661.56,37771,1267,100
21/04/2023,summer_promotion,553.9,33075,1419,102
22/04/2023,summer_promotion,657.72,34729,1247,114
23/04/2023,summer_promotion,714.49,27315,791,55
24/04/2023,summer_promotion,588.34,29803,858,81
25/04/2023,summer_promotion,805.41,30651,933,83
26/04/2023,summer_promotion,600.51,31784,801,56
27/04/2023,summer_promotion,678.3,41684,1354,98
28/04/2023,summer_promotion,610.34,32689,1135,98
29/04/2023,summer_promotion,532.85,29916,780,75
30/04/2023,summer_promotion,727.69,34877,1189,83
01/05/2023,summer_promotion,715.74,43248,1334,133
02/05/2023,summer_promotion,553.44,28303,825,68
03/05/2023,summer_promotion,565.07,31602,914,88
04/05/2023,summer_promotion,710.26,36951,918,87
05/05/2023,summer_promotion,722.96,39054,998,88
06/05/2023,summer_promotion,764.66,33447,1150,92
07/05/2023,summer_promotion,507.59,29434,750,67
08/05/2023,summer_promotion,741.83,41587,1148,66
09/05/2023,summer_promotion,461.55,20286,811,65
10/05/2023,summer_promotion,487.12,22997,613,49
11/05/2023,summer_promotion,461.48,30022,848,62
12/05/2023,summer_promotion,633.24,40339,1557,120
13/05/2023,summer_promotion,627.59,35079,1215,107
14/05/2023,summer_promotion,498.07,23627,776,52
15/05/2023,summer_promotion,747.23,41276,1109,88
16/05/2023,summer_promotion,545.21,29557,1085,68
17/05/2023,summer_promotion,398.3,22714,706,61
18/05/2023,summer_promotion,648.01,34936,1257,90
19/05/2023,summer_promotion,606.95,30356,799,75
20/05/2023,summer_promotion,661.46,28673,756,67
21/05/2023,summer_promotion,715.59,36498,1134,72
22/05/2023,summer_promotion,871.17,50397,1838,174
23/05/2023,summer_promotion,700.79,41100,1246,119
24/05/2023,summer_promotion,608.55,38204,1082,83
25/05/2023,summer_promotion,671.4,42081,1377,102
26/05/2023,summer_promotion,587.15,30538,1266,124
27/05/2023,summer_promotion,736.56,41843,1222,125
28/05/2023,summer_promotion,778.63,45543,1451,146
29/05/2023,summer_promotion,559.92,33364,948,66
30/05/2023,summer_promotion,661.18,37705,1565,126
31/05/2023,summer_promotion,602.53,29018,657,38
01/06/2023,summer_promotion,650.02,31162,1172,124
02/06/2023,summer_promotion,569.18,36968,1224,124
03/06/2023,summer_promotion,575.62,34971,954,90
04/06/2023,summer_promotion,550.4,29840,1049,91
05/06/2023,summer_promotion,591.97,35143,1265,81
06/06/2023,summer_promotion,660.37,38979,1100,99
07/06/2023,summer_promotion,456.98,29080,896,75
08/06/2023,summer_promotion,729.32,39487,1381,95
09/06/2023,summer_promotion,538.47,25117,777,78
10/06/2023,summer_promotion,624.15,37639,1011,72
11/06/2023,summer_promotion,549.72,32123,1085,91
12/06/2023,summer_promotion,667.24,36092,1151,120
13/06/2023,summer_promotion,536.68,30105,1205,104
14/06/2023,summer_promotion,676.31,34735,1451,74
15/06/2023,summer_promotion,477.49,23242,931,84
16/06/2023,summer_promotion,571.67,27045,914,79
17/06/2023,summer_promotion,525.16,24184,640,56
18/06/2023,summer_promotion,633.59,35125,1097,64
19/06/2023,summer_promotion,605.27,29540,951,87
20/06/2023,summer_promotion,527.02,25751,951,85
21/06/2023,summer_promotion,531.24,19654,624,58
22/06/2023,summer_promotion,721.13,36729,1057,82
23/06/2023,summer_promotion,690.5,33110,1040,73
24/06/2023,summer_promotion,629.0,28727,973,75
25/06/2023,summer_promotion,575.8,33485,1263,75
26/06/2023,summer_promotion,708.38,41333,1261,133
27/06/2023,summer_promotion,620.37,38934,1130,81
28/06/2023,summer_promotion,732.26,49783,1750,172
29/06/2023,summer_promotion,548.82,25821,797,85
30/06/2023,summer_promotion,399.07,20762,465,40
01/07/2023,back_to_school,648.12,30813,922,96
02/07/2023,back_to_school,551.08,26211,666,36
03/07/2023,back_to_school,637.95,32231,1200,117
04/07/2023,back_to_school,493.47,25577,918,80
05/07/2023,back_to_school,587.0,26483,966,69
06/07/2023,back_to_school,331.23,16991,579,67
07/07/2023,back_to_school,522.42,24564,1046,91
08/07/2023,back_to_school,533.67,25906,698,74
09/07/2023,back_to_school,532.71,27580,812,88
10/07/2023,back_to_school,500.59,29419,980,86
11/07/2023,back_to_school,471.57,27799,1113,93
12/07/2023,back_to_school,467.29,22080,727,58
13/07/2023,back_to_school,549.48,30260,745,72
14/07/2023,back_to_school,583.62,31837,1055,104
15/07/2023,back_to_school,565.39,28212,1067,83
16/07/2023,back_to_school,486.87,22214,711,49
17/07/2023,back_to_school,507.67,29290,942,94
18/07/2023,back_to_school,590.76,31060,942,72
19/07/2023,back_to_school,625.15,34463,1032,100
20/07/2023,back_to_school,569.71,29742,726,66
21/07/2023,back_to_school,584.06,32303,963,69
22/07/2023,back_to_school,537.15,30289,949,78
23/07/2023,back_to_school,512.81,29247,970,71
24/07/2023,back_to_school,636.63,38037,1371,113
25/07/2023,back_to_school,540.43,25964,928,49
26/07/2023,back_to_school,520.59,27570,1000,84
27/07/2023,back_to_school,462.78,21491,609,52
28/07/2023,back_to_school,565.55,30434,869,71
29/07/2023,back_to_school,660.57,31969,1028,112
30/07/2023,back_to_school,615.88,32188,1136,83
31/07/2023,back_to_school,560.71,36067,1495,88
01/08/2023,back_to_school,630.57,42053,1231,109
02/08/2023,back_to_school,711.93,37052,1269,106
03/08/2023,back_to_school,365.92,20885,649,64
04/08/2023,back_to_school,771.01,45569,1374,126
05/08/2023,back_to_school,580.34,35480,880,59
06/08/2023,back_to_school,353.85,20750,662,49
07/08/2023,back_to_school,486.9,25107,686,55
08/08/2023,back_to_school,510.18,32314,1086,78
09/08/2023,back_to_school,501.14,31167,1067,95
10/08/2023,back_to_school,632.64,40815,1057,78
11/08/2023,back_to_school,384.55,22292,671,50
12/08/2023,back_to_school,483.17,28578,894,68
13/08/2023,back_to_school,686.54,33450,858,106
14/08/2023,back_to_school,522.93,27055,767,63
15/08/2023,back_to_school,638.9,38027,1320,106
16/08/2023,back_to_school,409.8,23234,919,92
17/08/2023,back_to_school,543.04,32482,976,82
18/08/2023,back_to_school,435.58,23132,756,62
19/08/2023,back_to_school,637.61,42274,1632,131
20/08/2023,back_to_school,486.3,24842,673,57
21/08/2023,back_to_school,602.45,33796,1114,97
22/08/2023,back_to_school,546.69,27632,1122,112
23/08/2023,back_to_school,468.45,23220,674,57
24/08/2023,back_to_school,686.91,41962,1566,158
25/08/2023,back_to_school,671.53,39902,1367,113
26/08/2023,back_to_school,384.23,20834,854,65
27/08/2023,back_to_school,496.93,30364,983,76
28/08/2023,back_to_school,717.01,42120,1507,115
29/08/2023,back_to_school,610.1,34933,1253,128
30/08/2023,back_to_school,673.51,37732,1337,90
31/08/2023,back_to_school,624.88,36934,1110,81
01/09/2023,mid_autumn_campaign,514.5,24551,827,73
02/09/2023,mid_autumn_campaign,431.21,23839,890,89
03/09/2023,mid_autumn_campaign,614.59,33247,1007,79
04/09/2023,mid_autumn_campaign,575.47,39771,1552,168
05/09/2023,mid_autumn_campaign,646.35,29294,908,71
06/09/2023,mid_autumn_campaign,636.96,41485,1189,101
07/09/2023,mid_autumn_campaign,572.15,29791,859,64
08/09/2023,mid_autumn_campaign,602.83,29867,1125,97
09/09/2023,mid_autumn_campaign,590.36,37942,1087,79
10/09/2023,mid_autumn_campaign,559.94,27330,774,64
11/09/2023,mid_autumn_campaign,534.68,25418,764,71
12/09/2023,mid_autumn_campaign,645.7,27922,1075,105
13/09/2023,mid_autumn_campaign,418.66,19341,659,51
14/09/2023,mid_autumn_campaign,532.7,32041,965,84
15/09/2023,mid_autumn_campaign,564.33,34037,1387,153
16/09/2023,mid_autumn_campaign,542.48,29070,1273,120
17/09/2023,mid_autumn_campaign,559.84,27110,972,71
18/09/2023,mid_autumn_campaign,477.36,22449,660,56
19/09/2023,mid_autumn_campaign,380.3,18885,597,39
20/09/2023,mid_autumn_campaign,403.41,20184,504,47
21/09/2023,mid_autumn_campaign,427.49,25476,932,62
22/09/2023,mid_autumn_campaign,523.82,27312,719,57
23/09/2023,mid_autumn_campaign,497.52,29477,1093,74
24/09/2023,mid_autumn_campaign,482.14,28046,1062,51
25/09/2023,mid_autumn_campaign,639.31,34520,1368,107
26/09/2023,mid_autumn_campaign,442.44,24453,925,79
27/09/2023,mid_autumn_campaign,299.86,17720,424,29
28/09/2023,mid_autumn_campaign,411.49,18102,466,32
29/09/2023,mid_autumn_campaign,462.79,25305,767,48
30/09/2023,mid_autumn_campaign,502.99,30600,1124,97
01/10/2023,mid_autumn_campaign,577.97,34882,1353,149
02/10/2023,mid_autumn_campaign,490.02,26152,1029,111
03/10/2023,mid_autumn_campaign,664.21,27191,840,30
04/10/2023,mid_autumn_campaign,588.32,32553,1050,87
05/10/2023,mid_autumn_campaign,642.0,34180,1270,118
06/10/2023,mid_autumn_campaign,553.4,31973,1040,71
07/10/2023,mid_autumn_campaign,587.04,34799,1088,104
08/10/2023,mid_autumn_campaign,604.14,28582,894,70
09/10/2023,mid_autumn_campaign,435.28,24782,688,53
10/10/2023,mid_autumn_campaign,542.97,31003,1041,123
11/10/2023,mid_autumn_campaign,472.85,26716,693,63
12/10/2023,mid_autumn_campaign,627.96,39111,1127,91
13/10/2023,mid_autumn_campaign,638.16,34741,1278,89
14/10/2023,mid_autumn_campaign,649.48,39724,1363,99
15/10/2023,mid_autumn_campaign,505.05,28236,940,78
16/10/2023,mid_autumn_campaign,499.55,28052,1093,59
17/10/2023,mid_autumn_campaign,391.59,17907,511,30
18/10/2023,mid_autumn_campaign,571.77,31775,976,72
19/10/2023,mid_autumn_campaign,534.68,29979,1008,74
20/10/2023,mid_autumn_campaign,580.78,26825,1025,39
21/10/2023,mid_autumn_campaign,464.43,22193,797,49
22/10/2023,mid_autumn_campaign,690.52,31579,1330,121
23/10/2023,mid_autumn_campaign,522.88,30125,1294,127
24/10/2023,mid_autumn_campaign,310.96,19330,640,38
25/10/2023,mid_autumn_campaign,591.18,28219,928,82
26/10/2023,mid_autumn_campaign,459.31,27046,727,63
27/10/2023,mid_autumn_campaign,468.77,25268,1051,91
28/10/2023,mid_autumn_campaign,418.22,22707,639,54
29/10/2023,mid_autumn_campaign,535.16,29706,963,73
30/10/2023,mid_autumn_campaign,562.05,34478,996,83
31/10/2023,mid_autumn_campaign,525.68,32866,1229,91
01/11/2023,year_end_promotion,769.9,35443,963,82
02/11/2023,year_end_promotion,846.18,51385,1564,101
03/11/2023,year_end_promotion,814.29,43940,1499,131
04/11/2023,year_end_promotion,857.91,50554,1830,142
05/11/2023,year_end_promotion,896.18,46585,1510,170
06/11/2023,year_end_promotion,808.81,38825,1531,153
07/11/2023,year_end_promotion,916.02,51464,1735,141
08/11/2023,year_end_promotion,664.25,42631,1285,99
09/11/2023,year_end_promotion,699.33,46277,1684,133
10/11/2023,year_end_promotion,753.76,43765,1592,96
11/11/2023,year_end_promotion,883.64,47444,1355,107
12/11/2023,year_end_promotion,868.34,56920,1863,173
13/11/2023,year_end_promotion,648.64,37587,1357,85
14/11/2023,year_end_promotion,689.83,41213,956,75
15/11/2023,year_end_promotion,842.18,37777,1133,97
16/11/2023,year_end_promotion,881.81,41733,1566,140
17/11/2023,year_end_promotion,923.73,57252,1929,178
18/11/2023,year_end_promotion,522.04,24483,660,52
19/11/2023,year_end_promotion,887.67,39323,1195,77
20/11/2023,year_end_promotion,546.91,34926,1134,124
21/11/2023,year_end_promotion,921.99,45612,1036,120
22/11/2023,year_end_promotion,704.59,33913,1202,104
23/11/2023,year_end_promotion,668.15,35361,1160,99
24/11/2023,year_end_promotion,863.35,45653,1382,129
25/11/2023,year_end_promotion,802.81,49425,1519,126
26/11/2023,year_end_promotion,601.86,38516,964,84
27/11/2023,year_end_promotion,637.98,36380,1299,78
28/11/2023,year_end_promotion,731.14,32506,1268,99
29/11/2023,year_end_promotion,544.33,27645,1065,114
30/11/2023,year_end_promotion,933.82,46965,1467,160
01/12/2023,year_end_promotion,659.92,34970,952,64
02/12/2023,year_end_promotion,925.01,54375,1862,174
03/12/2023,year_end_promotion,899.72,57638,1842,147
04/12/2023,year_end_promotion,619.94,38122,1121,70
05/12/2023,year_end_promotion,723.23,39883,1442,144
06/12/2023,year_end_promotion,660.0,33131,1005,67
07/12/2023,year_end_promotion,744.99,43035,1386,84
08/12/2023,year_end_promotion,596.92,37435,1008,96
09/12/2023,year_end_promotion,846.45,44919,1213,106
10/12/2023,year_end_promotion,638.78,34459,1120,83
11/12/2023,year_end_promotion,728.96,38743,1000,82
12/12/2023,year_end_promotion,672.82,29641,898,72
13/12/2023,year_end_promotion,677.25,28871,1035,98
14/12/2023,year_end_promotion,848.99,48349,1243,107
15/12/2023,year_end_promotion,633.1,43130,1267,120
16/12/2023,year_end_promotion,547.62,26243,769,73
17/12/2023,year_end_promotion,834.92,47364,1076,109
18/12/2023,year_end_promotion,633.3,40969,1693,164
19/12/2023,year_end_promotion,895.22,42462,1906,168
20/12/2023,year_end_promotion,896.77,44704,1415,95
21/12/2023,year_end_promotion,727.19,40062,1333,141
22/12/2023,year_end_promotion,825.78,46625,1500,172
23/12/2023,year_end_promotion,680.78,42296,938,67
24/12/2023,year_end_promotion,816.16,44100,2074,256
25/12/2023,year_end_promotion,552.18,26822,839,93
26/12/2023,year_end_promotion,915.51,52151,1300,94
27/12/2023,year_end_promotion,392.88,17990,614,59
28/12/2023,year_end_promotion,582.06,32403,1301,113
29/12/2023,year_end_promotion,718.69,42186,1462,126
30/12/2023,year_end_promotion,687.44,36079,1171,89
31/12/2023,year_end_promotion,943.08,56951,2133,246
01/01/2024,tet_promotion,1001.16,63614,2155,177
02/01/2024,tet_promotion,1102.31,56201,1625,117
03/01/2024,tet_promotion,809.83,46594,1731,141
04/01/2024,tet_promotion,536.42,30541,1126,96
05/01/2024,tet_promotion,760.86,44433,1741,146
06/01/2024,tet_promotion,580.43,29971,934,54
07/01/2024,tet_promotion,887.38,44737,1545,135
08/01/2024,tet_promotion,735.75,47664,1391,104
09/01/2024,tet_promotion,820.34,49258,1576,110
10/01/2024,tet_promotion,876.13,51367,2176,177
11/01/2024,tet_promotion,809.07,41750,1025,88
12/01/2024,tet_promotion,898.37,43952,1258,84
13/01/2024,tet_promotion,967.1,49519,1728,124
14/01/2024,tet_promotion,789.6,40465,819,70
15/01/2024,tet_promotion,853.01,36250,1128,88
16/01/2024,tet_promotion,627.81,33582,748,66
17/01/2024,tet_promotion,945.31,44836,1420,151
18/01/2024,tet_promotion,796.16,41311,1133,99
19/01/2024,tet_promotion,760.4,44703,1090,110
20/01/2024,tet_promotion,722.41,42517,1206,79
21/01/2024,tet_promotion,699.49,34466,1038,98
22/01/2024,tet_promotion,930.27,52301,1532,119
23/01/2024,tet_promotion,862.04,53289,1619,134
24/01/2024,tet_promotion,673.61,37884,1393,57
25/01/2024,tet_promotion,814.82,42122,857,76
26/01/2024,tet_promotion,766.45,43853,1103,129
27/01/2024,tet_promotion,794.52,42063,1666,157
28/01/2024,tet_promotion,895.79,55520,1201,132
29/01/2024,tet_promotion,730.3,41417,1516,112
30/01/2024,tet_promotion,823.58,49066,1559,144
31/01/2024,tet_promotion,553.82,26498,695,62
01/02/2024,tet_promotion,1303.83,73766,2305,193
02/02/2024,tet_promotion,916.88,54355,1427,143
03/02/2024,tet_promotion,775.64,46471,1022,63
04/02/2024,tet_promotion,862.69,38127,1294,116
05/02/2024,tet_promotion,799.43,45673,1522,139
06/02/2024,tet_promotion,722.03,39616,1847,188
07/02/2024,tet_promotion,864.83,49601,1406,124
08/02/2024,tet_promotion,744.38,45166,1238,61
09/02/2024,tet_promotion,700.42,41451,1836,184
10/02/2024,tet_promotion,641.79,34454,938,77
11/02/2024,tet_promotion,653.18,29481,1008,88
12/02/2024,tet_promotion,755.06,43096,1817,157
13/02/2024,tet_promotion,725.94,43699,1039,100
14/02/2024,tet_promotion,670.39,33586,1093,120
15/02/2024,tet_promotion,674.47,40950,1387,88
16/02/2024,tet_promotion,907.47,45412,1119,81
17/02/2024,tet_promotion,677.05,39642,1123,120
18/02/2024,tet_promotion,810.02,41058,1142,100
19/02/2024,tet_promotion,494.41,20735,571,53
20/02/2024,tet_promotion,804.12,44331,1371,71
21/02/2024,tet_promotion,733.4,32525,1176,99
22/02/2024,tet_promotion,766.4,43986,1478,130
23/02/2024,tet_promotion,827.78,42602,1078,97
24/02/2024,tet_promotion,981.8,59957,1854,174
25/02/2024,tet_promotion,717.29,41105,1190,103
26/02/2024,tet_promotion,1059.81,63201,2495,183
27/02/2024,tet_promotion,682.8,37391,1300,106
28/02/2024,tet_promotion,921.09,47617,1847,183
29/02/2024,tet_promotion,622.54,36417,1124,112
01/03/2024,spring_campaign,411.88,23422,813,35
02/03/2024,spring_campaign,301.67,16823,527,52
03/03/2024,spring_campaign,474.55,22481,756,55
04/03/2024,spring_campaign,437.15,22708,766,48
05/03/2024,spring_campaign,364.05,15164,647,45
06/03/2024,spring_campaign,385.09,18511,532,41
07/03/2024,spring_campaign,506.44,28388,955,72
08/03/2024,spring_campaign,449.98,28036,893,79
09/03/2024,spring_campaign,289.39,16813,559,58
10/03/2024,spring_campaign,230.05,12683,397,34
11/03/2024,spring_campaign,403.55,22675,803,68
12/03/2024,spring_campaign,430.66,23094,692,59
13/03/2024,spring_campaign,395.59,16986,657,38
14/03/2024,spring_campaign,444.43,20900,636,44
15/03/2024,spring_campaign,450.26,22417,568,50
16/03/2024,spring_campaign,563.01,32029,1037,71
17/03/2024,spring_campaign,446.35,25650,732,71
18/03/2024,spring_campaign,449.58,25577,749,57
19/03/2024,spring_campaign,470.77,26863,900,62
20/03/2024,spring_campaign,392.18,21415,481,48
21/03/2024,spring_campaign,478.15,26278,740,71
22/03/2024,spring_campaign,429.58,28396,957,59
23/03/2024,spring_campaign,511.59,26362,768,61
24/03/2024,spring_campaign,441.05,24786,881,80
25/03/2024,spring_campaign,392.12,18259,505,45
26/03/2024,spring_campaign,522.66,34214,854,72
27/03/2024,spring_campaign,432.51,22595,732,58
28/03/2024,spring_campaign,429.33,21796,734,73
29/03/2024,spring_campaign,585.25,30135,796,63
30/03/2024,spring_campaign,382.61,23270,642,54
31/03/2024,spring_campaign,340.86,17911,584,62
01/04/2024,summer_promotion,492.83,28022,597,39
02/04/2024,summer_promotion,480.25,24802,839,78
03/04/2024,summer_promotion,398.67,23046,601,67
04/04/2024,summer_promotion,595.71,33085,1019,85
05/04/2024,summer_promotion,563.74,28453,1007,88
06/04/2024,summer_promotion,640.33,34738,1218,88
07/04/2024,summer_promotion,929.11,46786,1377,135
08/04/2024,summer_promotion,689.95,34388,803,50
09/04/2024,summer_promotion,461.5,23031,710,70
10/04/2024,summer_promotion,674.15,34344,1180,114
11/04/2024,summer_promotion,707.34,37949,1060,100
12/04/2024,summer_promotion,718.64,36977,1531,168
13/04/2024,summer_promotion,536.21,24230,694,54
14/04/2024,summer_promotion,617.66,27531,1206,143
15/04/2024,summer_promotion,488.85,21227,654,59
16/04/2024,summer_promotion,701.11,41266,1264,68
17/04/2024,summer_promotion,615.25,36692,1104,97
18/04/2024,summer_promotion,583.65,31001,801,71
19/04/2024,summer_promotion,417.2,26276,713,65
20/04/2024,summer_promotion,487.65,27718,847,77
21/04/2024,summer_promotion,481.39,21556,651,51
22/04/2024,summer_promotion,408.11,20575,478,40
23/04/2024,summer_promotion,524.0,28631,1278,110
24/04/2024,summer_promotion,600.68,35029,1083,81
25/04/2024,summer_promotion,652.42,39619,675,54
26/04/2024,summer_promotion,527.42,26982,1020,77
27/04/2024,summer_promotion,650.77,33372,987,93
28/04/2024,summer_promotion,486.33,26049,679,47
29/04/2024,summer_promotion,636.1,36919,955,63
30/04/2024,summer_promotion,823.19,41711,1136,103
01/05/2024,summer_promotion,482.29,25239,910,89
02/05/2024,summer_promotion,541.6,33887,1046,83
03/05/2024,summer_promotion,561.15,29560,1011,89
04/05/2024,summer_promotion,482.29,26814,774,58
05/05/2024,summer_promotion,547.48,33192,1094,112
06/05/2024,summer_promotion,722.03,39216,1120,80
07/05/2024,summer_promotion,590.34,35251,1392,89
08/05/2024,summer_promotion,656.56,40017,1752,151
09/05/2024,summer_promotion,558.84,25387,704,47
10/05/2024,summer_promotion,458.7,22548,540,44
11/05/2024,summer_promotion,602.15,35608,1109,110
12/05/2024,summer_promotion,672.15,30567,925,60
13/05/2024,summer_promotion,462.56,25762,799,84
14/05/2024,summer_promotion,773.21,44169,1356,110
15/05/2024,summer_promotion,562.25,32640,914,84
16/05/2024,summer_promotion,538.63,32845,1264,139
17/05/2024,summer_promotion,547.89,25502,593,47
18/05/2024,summer_promotion,418.75,18752,561,38
19/05/2024,summer_promotion,635.06,42105,1288,114
20/05/2024,summer_promotion,402.85,22470,634,42
21/05/2024,summer_promotion,373.91,24043,569,37
22/05/2024,summer_promotion,566.05,31952,1061,91
23/05/2024,summer_promotion,473.77,28112,920,57
24/05/2024,summer_promotion,729.97,38465,1405,87
25/05/2024,summer_promotion,443.74,22771,645,64
26/05/2024,summer_promotion,399.45,22272,595,54
27/05/2024,summer_promotion,587.5,30240,1298,108
28/05/2024,summer_promotion,678.84,31784,991,85
29/05/2024,summer_promotion,580.75,30624,847,32
30/05/2024,summer_promotion,508.42,25067,766,74
31/05/2024,summer_promotion,794.45,46091,1702,160
01/06/2024,summer_promotion,641.89,37478,1145,91
02/06/2024,summer_promotion,601.68,39512,1415,154
03/06/2024,summer_promotion,435.29,24592,834,77
04/06/2024,summer_promotion,427.66,18756,399,31
05/06/2024,summer_promotion,809.47,45527,1178,105
06/06/2024,summer_promotion,538.15,30123,894,58
07/06/2024,summer_promotion,514.82,30504,1021,105
08/06/2024,summer_promotion,459.93,28190,910,80
09/06/2024,summer_promotion,698.58,37908,1263,119
10/06/2024,summer_promotion,637.93,38262,1474,137
11/06/2024,summer_promotion,527.13,36811,1177,107
12/06/2024,summer_promotion,496.41,20894,590,51
13/06/2024,summer_promotion,627.9,34768,1256,126
14/06/2024,summer_promotion,675.0,37289,1215,100
15/06/2024,summer_promotion,484.24,30889,802,67
16/06/2024,summer_promotion,597.3,25327,909,73
17/06/2024,summer_promotion,597.14,31801,780,69
18/06/2024,summer_promotion,585.04,35822,1238,74
19/06/2024,summer_promotion,687.29,41257,1486,138
20/06/2024,summer_promotion,502.03,29345,891,114
21/06/2024,summer_promotion,550.11,26736,815,87
22/06/2024,summer_promotion,515.93,20945,828,74
23/06/2024,summer_promotion,523.56,31177,860,58
24/06/2024,summer_promotion,672.17,35064,1222,104
25/06/2024,summer_promotion,659.98,36900,810,77
26/06/2024,summer_promotion,525.75,31836,1043,111
27/06/2024,summer_promotion,542.14,23265,712,66
28/06/2024,summer_promotion,539.24,28281,1119,93
29/06/2024,summer_promotion,682.37,38308,956,68
30/06/2024,summer_promotion,542.02,30944,871,56
01/07/2024,back_to_school,438.68,22858,634,48
02/07/2024,back_to_school,714.14,40645,1142,97
03/07/2024,back_to_school,686.81,40601,1286,83
04/07/2024,back_to_school,372.85,19826,627,38
05/07/2024,back_to_school,407.36,22390,472,28
06/07/2024,back_to_school,530.38,31067,1049,105
07/07/2024,back_to_school,686.46,41598,1283,150
08/07/2024,back_to_school,696.87,42418,1193,109
09/07/2024,back_to_school,335.36,17858,352,27
10/07/2024,back_to_school,634.4,35130,1415,121
11/07/2024,back_to_school,546.21,29206,1019,86
12/07/2024,back_to_school,651.91,42364,1445,99
13/07/2024,back_to_school,590.7,37486,1331,120
14/07/2024,back_to_school,627.51,39691,762,82
15/07/2024,back_to_school,611.68,35622,1051,93
16/07/2024,back_to_school,595.81,27668,997,86
17/07/2024,back_to_school,678.28,40303,1266,109
18/07/2024,back_to_school,599.24,33704,1180,88
19/07/2024,back_to_school,418.11,21710,546,40
20/07/2024,back_to_school,571.74,26050,681,66
21/07/2024,back_to_school,487.0,26930,703,49
22/07/2024,back_to_school,508.7,33143,1144,69
23/07/2024,back_to_school,580.66,35359,1264,85
24/07/2024,back_to_school,531.42,36191,1000,90
25/07/2024,back_to_school,465.85,22236,670,67
26/07/2024,back_to_school,648.82,32489,972,70
27/07/2024,back_to_school,338.87,19994,801,86
28/07/2024,back_to_school,493.3,31246,1180,95
29/07/2024,back_to_school,537.68,28592,958,108
30/07/2024,back_to_school,449.79,21698,796,69
31/07/2024,back_to_school,357.56,17644,497,38
01/08/2024,back_to_school,569.71,34981,1103,97
02/08/2024,back_to_school,467.79,28802,1125,92
03/08/2024,back_to_school,468.33,31794,1177,85
04/08/2024,back_to_school,377.42,20268,778,60
05/08/2024,back_to_school,516.07,27105,966,103
06/08/2024,back_to_school,419.15,22532,707,54
07/08/2024,back_to_school,425.31,25698,853,82
08/08/2024,back_to_school,685.16,36528,1283,102
09/08/2024,back_to_school,531.67,30577,966,61
10/08/2024,back_to_school,684.75,38638,1031,54
11/08/2024,back_to_school,538.06,31987,1199,123
12/08/2024,back_to_school,503.95,29936,740,65
13/08/2024,back_to_school,628.3,32587,1030,90
14/08/2024,back_to_school,553.75,35706,965,102
15/08/2024,back_to_school,420.86,21684,619,52
16/08/2024,back_to_school,493.05,28811,936,111
17/08/2024,back_to_school,577.57,31199,1070,101
18/08/2024,back_to_school,522.32,25515,725,64
19/08/2024,back_to_school,620.52,36258,1160,109
20/08/2024,back_to_school,493.41,28173,1114,114
21/08/2024,back_to_school,670.52,35746,1196,85
22/08/2024,back_to_school,628.53,33298,860,67
23/08/2024,back_to_school,564.63,23864,604,61
24/08/2024,back_to_school,549.48,30355,740,81
25/08/2024,back_to_school,638.61,38144,1024,97
26/08/2024,back_to_school,649.72,34790,1084,85
27/08/2024,back_to_school,597.5,32317,996,64
28/08/2024,back_to_school,380.79,23276,937,92
29/08/2024,back_to_school,675.76,35311,1135,104
30/08/2024,back_to_school,523.94,34321,884,68
31/08/2024,back_to_school,506.18,25932,949,53
01/09/2024,mid_autumn_campaign,602.17,36674,1246,133
02/09/2024,mid_autumn_campaign,710.01,40176,1448,133
03/09/2024,mid_autumn_campaign,547.95,28758,829,79
04/09/2024,mid_autumn_campaign,455.56,27848,1014,80
05/09/2024,mid_autumn_campaign,534.67,29961,952,98
06/09/2024,mid_autumn_campaign,506.23,28848,657,62
07/09/2024,mid_autumn_campaign,374.96,19978,809,91
08/09/2024,mid_autumn_campaign,468.31,22512,776,62
09/09/2024,mid_autumn_campaign,533.22,25352,966,106
10/09/2024,mid_autumn_campaign,374.66,19107,554,54
11/09/2024,mid_autumn_campaign,328.53,18684,586,43
12/09/2024,mid_autumn_campaign,565.86,24865,638,47
13/09/2024,mid_autumn_campaign,566.5,30338,861,80
14/09/2024,mid_autumn_campaign,460.9,23868,740,67
15/09/2024,mid_autumn_campaign,743.32,36531,1240,104
16/09/2024,mid_autumn_campaign,481.14,31179,1136,110
17/09/2024,mid_autumn_campaign,464.48,23526,801,66
18/09/2024,mid_autumn_campaign,454.1,27142,722,54
19/09/2024,mid_autumn_campaign,575.34,31805,1144,84
20/09/2024,mid_autumn_campaign,568.2,29284,1154,114
21/09/2024,mid_autumn_campaign,547.27,35583,1225,95
22/09/2024,mid_autumn_campaign,644.34,37318,1447,129
23/09/2024,mid_autumn_campaign,610.02,30916,816,53
24/09/2024,mid_autumn_campaign,574.62,25347,604,39
25/09/2024,mid_autumn_campaign,528.0,30902,886,87
26/09/2024,mid_autumn_campaign,536.01,33864,1269,97
27/09/2024,mid_autumn_campaign,525.6,28883,1013,91
28/09/2024,mid_autumn_campaign,510.38,30735,1017,100
29/09/2024,mid_autumn_campaign,511.47,28144,1053,107
30/09/2024,mid_autumn_campaign,618.57,36961,1173,105
01/10/2024,mid_autumn_campaign,522.57,23754,646,71
02/10/2024,mid_autumn_campaign,503.33,19583,631,56
03/10/2024,mid_autumn_campaign,399.52,27808,1068,106
04/10/2024,mid_autumn_campaign,491.66,28937,1071,101
05/10/2024,mid_autumn_campaign,448.94,25634,857,78
06/10/2024,mid_autumn_campaign,415.72,23909,783,71
07/10/2024,mid_autumn_campaign,525.47,24856,920,90
08/10/2024,mid_autumn_campaign,388.15,21469,611,49
09/10/2024,mid_autumn_campaign,595.54,35146,1496,132
10/10/2024,mid_autumn_campaign,406.73,22970,470,53
11/10/2024,mid_autumn_campaign,528.16,30843,1028,76
12/10/2024,mid_autumn_campaign,493.44,25150,754,68
13/10/2024,mid_autumn_campaign,396.05,25895,702,69
14/10/2024,mid_autumn_campaign,444.94,21380,733,64
15/10/2024,mid_autumn_campaign,480.01,26414,771,71
16/10/2024,mid_autumn_campaign,455.99,25268,954,62
17/10/2024,mid_autumn_campaign,447.02,22880,645,42
18/10/2024,mid_autumn_campaign,472.24,26473,835,51
19/10/2024,mid_autumn_campaign,555.78,32964,1069,75
20/10/2024,mid_autumn_campaign,419.51,27976,1136,104
21/10/2024,mid_autumn_campaign,414.15,25914,852,93
22/10/2024,mid_autumn_campaign,443.84,25665,795,76
23/10/2024,mid_autumn_campaign,438.35,26519,798,57
24/10/2024,mid_autumn_campaign,544.55,30723,660,55
25/10/2024,mid_autumn_campaign,503.28,28246,1191,89
26/10/2024,mid_autumn_campaign,492.71,22109,547,41
27/10/2024,mid_autumn_campaign,482.5,25970,913,87
28/10/2024,mid_autumn_campaign,583.32,31512,1085,80
29/10/2024,mid_autumn_campaign,525.94,30438,897,33
30/10/2024,mid_autumn_campaign,436.15,30700,967,72
31/10/2024,mid_autumn_campaign,503.31,31032,1044,85
01/11/2024,year_end_promotion,555.5,29558,769,69
02/11/2024,year_end_promotion,917.01,56204,1631,114
03/11/2024,year_end_promotion,541.01,31176,1085,104
04/11/2024,year_end_promotion,765.27,36519,817,82
05/11/2024,year_end_promotion,612.17,40591,869,59
06/11/2024,year_end_promotion,599.04,33849,1193,91
07/11/2024,year_end_promotion,797.44,37567,1105,73
08/11/2024,year_end_promotion,647.47,33052,1104,150
09/11/2024,year_end_promotion,541.56,29062,1026,87
10/11/2024,year_end_promotion,903.37,44031,1574,114
11/11/2024,year_end_promotion,825.47,46119,1527,115
12/11/2024,year_end_promotion,479.22,23123,819,66
13/11/2024,year_end_promotion,814.86,38247,1342,133
14/11/2024,year_end_promotion,432.37,24557,1021,74
15/11/2024,year_end_promotion,849.07,46809,1693,133
16/11/2024,year_end_promotion,619.17,32405,975,74
17/11/2024,year_end_promotion,605.83,37272,1081,72
18/11/2024,year_end_promotion,598.48,34615,719,66
19/11/2024,year_end_promotion,812.96,50870,1512,109
20/11/2024,year_end_promotion,743.07,41443,1595,136
21/11/2024,year_end_promotion,665.44,31246,965,82
22/11/2024,year_end_promotion,874.21,48596,1880,194
23/11/2024,year_end_promotion,621.64,29920,861,70
24/11/2024,year_end_promotion,616.4,36470,1289,132
25/11/2024,year_end_promotion,757.76,39677,1350,96
26/11/2024,year_end_promotion,740.93,37360,1411,63
27/11/2024,year_end_promotion,831.83,50151,1594,143
28/11/2024,year_end_promotion,748.5,46977,1891,161
29/11/2024,year_end_promotion,934.32,47782,1628,149
30/11/2024,year_end_promotion,558.14,31794,911,88
01/12/2024,year_end_promotion,606.57,26906,686,58
02/12/2024,year_end_promotion,762.41,43489,1225,118
03/12/2024,year_end_promotion,650.64,34922,1288,106
04/12/2024,year_end_promotion,477.85,28325,906,71
05/12/2024,year_end_promotion,889.31,45553,1606,139
06/12/2024,year_end_promotion,1059.37,46821,1543,139
07/12/2024,year_end_promotion,864.55,45358,1307,138
08/12/2024,year_end_promotion,666.44,37763,1198,108
09/12/2024,year_end_promotion,546.71,28284,896,77
10/12/2024,year_end_promotion,864.14,50152,1748,147
11/12/2024,year_end_promotion,885.02,45439,1431,89
12/12/2024,year_end_promotion,585.31,35161,1116,63
13/12/2024,year_end_promotion,715.81,38336,1008,90
14/12/2024,year_end_promotion,686.24,37756,1384,104
15/12/2024,year_end_promotion,860.99,45931,1409,146
16/12/2024,year_end_promotion,770.26,40457,1269,111
17/12/2024,year_end_promotion,532.33,31378,1002,65
18/12/2024,year_end_promotion,598.48,35988,922,107
19/12/2024,year_end_promotion,582.19,32704,627,52
20/12/2024,year_end_promotion,652.49,37718,1240,98
21/12/2024,year_end_promotion,998.71,59422,1677,150
22/12/2024,year_end_promotion,344.1,17665,672,51
23/12/2024,year_end_promotion,736.57,35270,1260,108
24/12/2024,year_end_promotion,717.06,43293,1731,166
25/12/2024,year_end_promotion,491.64,28084,929,62
26/12/2024,year_end_promotion,506.17,26452,800,66
27/12/2024,year_end_promotion,619.82,34469,1144,91
28/12/2024,year_end_promotion,764.5,39090,932,78
29/12/2024,year_end_promotion,828.59,58684,1236,94
30/12/2024,year_end_promotion,600.29,33766,922,79
31/12/2024,year_end_promotion,842.67,42258,1324,143
01/01/2025,tet_promotion,1036.33,46579,1960,144
02/01/2025,tet_promotion,942.42,49190,1449,106
03/01/2025,tet_promotion,994.27,49756,1266,95
04/01/2025,tet_promotion,893.74,38133,1362,100
05/01/2025,tet_promotion,1011.48,63724,2124,196
06/01/2025,tet_promotion,821.24,41634,928,75
07/01/2025,tet_promotion,805.89,32655,1082,115
08/01/2025,tet_promotion,959.99,59231,1802,124
09/01/2025,tet_promotion,905.29,47671,1244,124
10/01/2025,tet_promotion,922.39,46864,1535,126
11/01/2025,tet_promotion,995.46,64029,1837,122
12/01/2025,tet_promotion,1119.26,77374,2225,157
13/01/2025,tet_promotion,701.14,38371,1241,99
14/01/2025,tet_promotion,1032.02,51481,1485,97
15/01/2025,tet_promotion,1121.35,68675,2634,189
16/01/2025,tet_promotion,1113.86,62995,2232,208
17/01/2025,tet_promotion,845.48,45507,1100,84
18/01/2025,tet_promotion,861.0,41263,1335,138
19/01/2025,tet_promotion,818.17,40154,1109,97
20/01/2025,tet_promotion,1181.31,65980,2122,140
21/01/2025,tet_promotion,952.38,55832,1667,140
22/01/2025,tet_promotion,791.65,46926,1809,163
23/01/2025,tet_promotion,981.01,54146,1553,113
24/01/2025,tet_promotion,833.29,46309,1475,147
25/01/2025,tet_promotion,1018.69,64969,2324,188
26/01/2025,tet_promotion,914.77,41336,1662,126
27/01/2025,tet_promotion,833.28,54821,1456,109
28/01/2025,tet_promotion,889.26,45741,1480,130
29/01/2025,tet_promotion,1002.47,54413,1925,153
30/01/2025,tet_promotion,998.63,61872,1443,117
31/01/2025,tet_promotion,929.37,40570,679,60
01/02/2025,tet_promotion,795.95,47455,1513,128
02/02/2025,tet_promotion,843.78,46873,1286,99
03/02/2025,tet_promotion,1027.36,54890,1891,160
04/02/2025,tet_promotion,845.69,41583,1502,108
05/02/2025,tet_promotion,960.72,43858,1460,132
06/02/2025,tet_promotion,797.17,36099,1125,97
07/02/2025,tet_promotion,815.84,41524,1514,125
08/02/2025,tet_promotion,833.01,49957,1591,118
09/02/2025,tet_promotion,1040.64,54932,2006,150
10/02/2025,tet_promotion,952.27,59322,2029,187
11/02/2025,tet_promotion,972.62,58401,1889,172
12/02/2025,tet_promotion,863.69,57370,1584,153
13/02/2025,tet_promotion,742.88,43196,1661,113
14/02/2025,tet_promotion,1182.9,58252,1625,145
15/02/2025,tet_promotion,724.05,43991,1512,67
16/02/2025,tet_promotion,671.64,34020,1156,79
17/02/2025,tet_promotion,784.17,45951,1241,110
18/02/2025,tet_promotion,680.7,41419,1612,109
19/02/2025,tet_promotion,520.27,23374,856,65
20/02/2025,tet_promotion,1066.92,50083,1364,113
21/02/2025,tet_promotion,1069.15,57257,1534,136
22/02/2025,tet_promotion,911.29,52678,1632,122
23/02/2025,tet_promotion,900.83,36181,1200,123
24/02/2025,tet_promotion,985.99,48509,1178,122
25/02/2025,tet_promotion,815.84,43714,1440,109
26/02/2025,tet_promotion,903.83,57585,1693,191
27/02/2025,tet_promotion,958.87,54392,1987,195
28/02/2025,tet_promotion,1066.74,62023,1798,195
01/03/2025,spring_campaign,511.49,25528,926,87
02/03/2025,spring_campaign,522.85,28912,1005,113
03/03/2025,spring_campaign,518.75,24586,714,65
04/03/2025,spring_campaign,506.89,25812,915,87
05/03/2025,spring_campaign,506.59,28642,823,62
06/03/2025,spring_campaign,493.58,23091,774,64
07/03/2025,spring_campaign,477.57,26471,859,63
08/03/2025,spring_campaign,468.9,23472,902,53
09/03/2025,spring_campaign,515.87,30767,811,56
10/03/2025,spring_campaign,430.42,18906,708,56
11/03/2025,spring_campaign,414.73,20976,676,52
12/03/2025,spring_campaign,431.63,24685,664,51
13/03/2025,spring_campaign,530.44,26425,836,61
14/03/2025,spring_campaign,763.81,39450,1365,95
15/03/2025,spring_campaign,407.72,21727,640,49
16/03/2025,spring_campaign,509.04,30148,1223,137
17/03/2025,spring_campaign,517.02,33503,1323,96
18/03/2025,spring_campaign,464.73,24751,1008,80
19/03/2025,spring_campaign,486.28,30153,906,72
20/03/2025,spring_campaign,564.18,30892,586,37
21/03/2025,spring_campaign,573.43,25896,956,77
22/03/2025,spring_campaign,530.34,29334,645,45
23/03/2025,spring_campaign,407.58,22439,861,67
24/03/2025,spring_campaign,513.18,21580,626,48
25/03/2025,spring_campaign,489.02,27976,1058,86
26/03/2025,spring_campaign,543.86,24151,818,67
27/03/2025,spring_campaign,342.58,19076,527,50
28/03/2025,spring_campaign,550.49,29829,1175,93
29/03/2025,spring_campaign,478.5,25801,813,56
30/03/2025,spring_campaign,561.97,31623,897,52
31/03/2025,spring_campaign,622.87,38416,1365,132
01/04/2025,summer_promotion,851.93,47759,1880,151
02/04/2025,summer_promotion,542.91,29531,882,80
03/04/2025,summer_promotion,861.61,49038,1801,207
04/04/2025,summer_promotion,861.74,47437,1340,154
05/04/2025,summer_promotion,524.2,22906,497,50
06/04/2025,summer_promotion,477.66,25343,785,81
07/04/2025,summer_promotion,489.63,26880,891,93
08/04/2025,summer_promotion,623.78,35076,1062,106
09/04/2025,summer_promotion,764.12,39975,1376,85
10/04/2025,summer_promotion,661.17,32640,967,95
11/04/2025,summer_promotion,908.33,50808,1578,125
12/04/2025,summer_promotion,743.35,39885,1462,156
13/04/2025,summer_promotion,729.14,38233,1360,100
14/04/2025,summer_promotion,446.83,27522,1138,118
15/04/2025,summer_promotion,612.76,21143,594,55
16/04/2025,summer_promotion,607.95,38338,1062,97
17/04/2025,summer_promotion,680.81,38295,946,78
18/04/2025,summer_promotion,684.94,35804,901,69
19/04/2025,summer_promotion,539.46,30600,1118,99
20/04/2025,summer_promotion,696.55,37296,1217,66
21/04/2025,summer_promotion,661.05,39620,1150,108
22/04/2025,summer_promotion,472.86,25943,796,72
23/04/2025,summer_promotion,668.9,45448,713,44
24/04/2025,summer_promotion,570.99,31478,893,65
25/04/2025,summer_promotion,463.39,21487,585,62
26/04/2025,summer_promotion,554.15,39426,1457,115
27/04/2025,summer_promotion,748.41,45434,1163,69
28/04/2025,summer_promotion,826.25,40300,1450,136
29/04/2025,summer_promotion,451.86,26417,910,93
30/04/2025,summer_promotion,647.42,37108,1244,100
01/05/2025,summer_promotion,847.11,51170,2014,179
02/05/2025,summer_promotion,790.66,38603,1100,108
03/05/2025,summer_promotion,624.28,32574,1056,63
04/05/2025,summer_promotion,671.4,38617,1159,77
05/05/2025,summer_promotion,860.5,49159,1301,97
06/05/2025,summer_promotion,458.28,20193,444,31
07/05/2025,summer_promotion,701.6,41405,1285,127
08/05/2025,summer_promotion,719.08,34251,938,82
09/05/2025,summer_promotion,732.63,44766,1107,60
10/05/2025,summer_promotion,892.5,47217,1731,146
11/05/2025,summer_promotion,487.38,30737,1046,111
12/05/2025,summer_promotion,725.56,35340,1114,110
13/05/2025,summer_promotion,571.4,31901,1199,78
14/05/2025,summer_promotion,609.99,34025,1244,103
15/05/2025,summer_promotion,569.47,33104,951,86
16/05/2025,summer_promotion,698.05,37405,1350,137
17/05/2025,summer_promotion,499.96,28958,897,71
18/05/2025,summer_promotion,666.27,41240,1283,102
19/05/2025,summer_promotion,507.24,27308,870,61
20/05/2025,summer_promotion,621.07,35867,1394,112
21/05/2025,summer_promotion,895.74,54575,1981,185
22/05/2025,summer_promotion,671.81,34424,1091,93
23/05/2025,summer_promotion,680.49,43779,1843,172
24/05/2025,summer_promotion,781.86,39897,886,74
25/05/2025,summer_promotion,693.32,44114,1953,174
26/05/2025,summer_promotion,819.93,50777,1690,165
27/05/2025,summer_promotion,711.28,45957,1239,63
28/05/2025,summer_promotion,682.16,41527,1558,120
29/05/2025,summer_promotion,731.59,37625,1343,100
30/05/2025,summer_promotion,539.59,32923,857,54
31/05/2025,summer_promotion,761.43,42623,883,91
01/06/2025,summer_promotion,521.41,27452,871,101
02/06/2025,summer_promotion,664.66,40416,1278,119
03/06/2025,summer_promotion,500.34,27716,811,57
04/06/2025,summer_promotion,702.95,43316,1503,122
05/06/2025,summer_promotion,754.87,36789,1247,116
06/06/2025,summer_promotion,657.32,35408,1166,90
07/06/2025,summer_promotion,641.48,38358,871,91
08/06/2025,summer_promotion,721.82,40903,1116,89
09/06/2025,summer_promotion,596.61,35459,1256,129
10/06/2025,summer_promotion,673.92,29130,799,64
11/06/2025,summer_promotion,704.92,32634,1018,88
12/06/2025,summer_promotion,594.17,32145,1399,119
13/06/2025,summer_promotion,898.26,50872,1456,136
14/06/2025,summer_promotion,615.11,33694,706,63
15/06/2025,summer_promotion,593.75,36742,1199,95
16/06/2025,summer_promotion,538.13,29715,897,66
17/06/2025,summer_promotion,882.2,47815,1744,186
18/06/2025,summer_promotion,708.76,41667,1439,143
19/06/2025,summer_promotion,728.57,42271,1382,107
20/06/2025,summer_promotion,609.51,31223,1029,107
21/06/2025,summer_promotion,549.19,28221,765,64
22/06/2025,summer_promotion,780.71,41393,1387,70
23/06/2025,summer_promotion,642.55,37191,1076,65
24/06/2025,summer_promotion,713.93,38795,1589,121
25/06/2025,summer_promotion,641.48,33823,1099,63
26/06/2025,summer_promotion,819.41,48158,1486,118
27/06/2025,summer_promotion,720.8,41179,1232,101
28/06/2025,summer_promotion,700.29,36746,1115,87
29/06/2025,summer_promotion,617.64,29216,798,72
30/06/2025,summer_promotion,752.53,41158,589,37
01/07/2025,back_to_school,660.9,42956,1631,133
02/07/2025,back_to_school,577.61,30303,1229,108
03/07/2025,back_to_school,515.66,31276,1129,62
04/07/2025,back_to_school,547.6,33404,1219,81
05/07/2025,back_to_school,616.71,37154,1253,87
06/07/2025,back_to_school,597.04,35223,1214,86
07/07/2025,back_to_school,873.79,49286,1216,97
08/07/2025,back_to_school,318.44,16257,518,62
09/07/2025,back_to_school,639.68,36663,1314,116
10/07/2025,back_to_school,553.61,34977,1213,131
11/07/2025,back_to_school,731.59,36325,1086,86
12/07/2025,back_to_school,577.62,33416,1046,77
13/07/2025,back_to_school,780.0,49339,1597,111
14/07/2025,back_to_school,553.03,28096,781,55
15/07/2025,back_to_school,646.66,36865,1265,91
16/07/2025,back_to_school,653.21,43745,1460,116
17/07/2025,back_to_school,917.65,52412,1528,150
18/07/2025,back_to_school,543.91,28912,1074,82
19/07/2025,back_to_school,460.3,27361,994,65
20/07/2025,back_to_school,583.63,36004,1205,118
21/07/2025,back_to_school,609.11,31442,928,75
22/07/2025,back_to_school,641.94,25379,582,50
23/07/2025,back_to_school,695.91,35853,1160,81
24/07/2025,back_to_school,473.86,26700,854,67
25/07/2025,back_to_school,482.53,26941,863,71
26/07/2025,back_to_school,610.4,32498,1133,103
27/07/2025,back_to_school,815.61,51866,1663,112
28/07/2025,back_to_school,690.08,35740,1417,90
29/07/2025,back_to_school,574.75,36931,1190,114
30/07/2025,back_to_school,691.93,36255,1315,95
31/07/2025,back_to_school,585.35,39571,1238,112
01/08/2025,back_to_school,504.53,31802,881,65
02/08/2025,back_to_school,554.76,27560,695,56
03/08/2025,back_to_school,566.8,30930,845,61
04/08/2025,back_to_school,584.03,32189,888,75
05/08/2025,back_to_school,592.71,36303,1276,118
06/08/2025,back_to_school,726.28,37331,1442,126
07/08/2025,back_to_school,564.7,32434,871,96
08/08/2025,back_to_school,644.96,29918,796,61
09/08/2025,back_to_school,557.46,32170,1169,116
10/08/2025,back_to_school,675.77,33545,1257,129
11/08/2025,back_to_school,408.75,21156,641,47
12/08/2025,back_to_school,728.83,42074,1360,91
13/08/2025,back_to_school,395.76,19633,549,39
14/08/2025,back_to_school,388.32,17895,535,48
15/08/2025,back_to_school,558.43,29932,945,79
16/08/2025,back_to_school,744.25,37428,1232,80
17/08/2025,back_to_school,741.71,43905,1614,139
18/08/2025,back_to_school,601.81,28577,956,100
19/08/2025,back_to_school,316.72,20641,577,53
20/08/2025,back_to_school,527.36,28514,1025,84
21/08/2025,back_to_school,810.5,44745,1572,119
22/08/2025,back_to_school,561.45,29563,1017,111
23/08/2025,back_to_school,619.39,29405,852,55
24/08/2025,back_to_school,668.25,36853,986,78
25/08/2025,back_to_school,717.29,41374,1208,115
26/08/2025,back_to_school,658.35,34094,1121,125
27/08/2025,back_to_school,496.93,30294,948,89
28/08/2025,back_to_school,659.22,37340,1166,99
29/08/2025,back_to_school,689.17,39754,989,90
30/08/2025,back_to_school,757.67,45643,1507,87
31/08/2025,back_to_school,680.05,40041,1567,111
01/09/2025,mid_autumn_campaign,548.5,28465,873,52
02/09/2025,mid_autumn_campaign,524.53,27517,829,89
03/09/2025,mid_autumn_campaign,508.18,26603,995,76
04/09/2025,mid_autumn_campaign,691.79,39831,1150,85
05/09/2025,mid_autumn_campaign,584.75,31447,1019,77
06/09/2025,mid_autumn_campaign,629.96,32116,951,78
07/09/2025,mid_autumn_campaign,443.95,23549,727,46
08/09/2025,mid_autumn_campaign,390.06,24248,741,61
09/09/2025,mid_autumn_campaign,506.26,32472,1003,58
10/09/2025,mid_autumn_campaign,619.15,30439,1035,85
11/09/2025,mid_autumn_campaign,698.23,40279,1211,127
12/09/2025,mid_autumn_campaign,845.49,43791,1632,147
13/09/2025,mid_autumn_campaign,616.66,29396,799,84
14/09/2025,mid_autumn_campaign,586.89,30427,1242,127
15/09/2025,mid_autumn_campaign,646.29,31823,1016,108
16/09/2025,mid_autumn_campaign,366.49,16725,469,46
17/09/2025,mid_autumn_campaign,595.56,34422,1135,98
18/09/2025,mid_autumn_campaign,694.74,53042,1821,190
19/09/2025,mid_autumn_campaign,528.18,34079,1108,97
20/09/2025,mid_autumn_campaign,526.31,26603,781,55
21/09/2025,mid_autumn_campaign,441.7,29159,999,99
22/09/2025,mid_autumn_campaign,624.95,29138,939,67
23/09/2025,mid_autumn_campaign,491.44,26737,879,76
24/09/2025,mid_autumn_campaign,586.32,31288,1008,104
25/09/2025,mid_autumn_campaign,797.01,49217,1524,138
26/09/2025,mid_autumn_campaign,671.61,41019,1564,162
27/09/2025,mid_autumn_campaign,614.82,32837,801,81
28/09/2025,mid_autumn_campaign,636.2,31781,1020,80
29/09/2025,mid_autumn_campaign,527.87,34556,1045,126
30/09/2025,mid_autumn_campaign,558.89,28363,926,112
01/10/2025,mid_autumn_campaign,556.72,32336,670,62
02/10/2025,mid_autumn_campaign,431.43,23430,908,73
03/10/2025,mid_autumn_campaign,645.67,34644,1050,93
04/10/2025,mid_autumn_campaign,683.49,37990,1211,85
05/10/2025,mid_autumn_campaign,398.68,22230,690,61
06/10/2025,mid_autumn_campaign,678.42,40629,1121,99
07/10/2025,mid_autumn_campaign,600.29,32116,666,48
08/10/2025,mid_autumn_campaign,561.54,33397,1015,64
09/10/2025,mid_autumn_campaign,710.75,38878,1152,106
10/10/2025,mid_autumn_campaign,641.49,34914,1012,77
11/10/2025,mid_autumn_campaign,651.78,35229,1211,67
12/10/2025,mid_autumn_campaign,518.94,27282,805,44
13/10/2025,mid_autumn_campaign,523.48,33638,1122,86
14/10/2025,mid_autumn_campaign,495.2,23129,763,55
15/10/2025,mid_autumn_campaign,528.05,31761,1160,108
16/10/2025,mid_autumn_campaign,398.13,20468,771,51
17/10/2025,mid_autumn_campaign,697.4,38095,1392,108
18/10/2025,mid_autumn_campaign,448.16,21819,852,67
19/10/2025,mid_autumn_campaign,442.0,26368,635,52
20/10/2025,mid_autumn_campaign,602.7,34061,1154,95
21/10/2025,mid_autumn_campaign,314.45,17677,557,45
22/10/2025,mid_autumn_campaign,617.99,36674,1204,128
23/10/2025,mid_autumn_campaign,793.42,44792,1345,87
24/10/2025,mid_autumn_campaign,626.87,27627,1110,109
25/10/2025,mid_autumn_campaign,513.31,30193,827,56
26/10/2025,mid_autumn_campaign,646.05,31414,1036,85
27/10/2025,mid_autumn_campaign,728.35,41233,1635,159
28/10/2025,mid_autumn_campaign,488.16,23295,494,41
29/10/2025,mid_autumn_campaign,280.68,13973,275,20
30/10/2025,mid_autumn_campaign,639.55,31614,916,70
31/10/2025,mid_autumn_campaign,594.27,27215,878,72
01/11/2025,year_end_promotion,672.0,32768,1237,117
02/11/2025,year_end_promotion,891.63,44255,1326,85
03/11/2025,year_end_promotion,561.52,29084,834,54
04/11/2025,year_end_promotion,642.42,36495,1070,64
05/11/2025,year_end_promotion,1132.79,50006,1635,112
06/11/2025,year_end_promotion,927.23,50998,1872,155
07/11/2025,year_end_promotion,711.42,44982,1410,113
08/11/2025,year_end_promotion,802.21,40270,1344,146
09/11/2025,year_end_promotion,1049.97,59166,2062,196
10/11/2025,year_end_promotion,729.32,46315,1523,86
11/11/2025,year_end_promotion,917.69,45036,1492,140
12/11/2025,year_end_promotion,777.95,43722,1677,105
13/11/2025,year_end_promotion,540.91,29107,885,101
14/11/2025,year_end_promotion,973.9,56180,1747,95
15/11/2025,year_end_promotion,624.41,32807,1066,82
16/11/2025,year_end_promotion,839.63,49262,1379,106
17/11/2025,year_end_promotion,676.64,41751,894,82
18/11/2025,year_end_promotion,937.45,39603,1152,114
19/11/2025,year_end_promotion,685.33,34909,1092,112
20/11/2025,year_end_promotion,913.89,45948,1130,68
21/11/2025,year_end_promotion,870.44,35983,1027,94
22/11/2025,year_end_promotion,638.47,33449,1032,97
23/11/2025,year_end_promotion,615.86,33705,1049,88
24/11/2025,year_end_promotion,581.6,33354,907,73
25/11/2025,year_end_promotion,691.0,45571,1445,166
26/11/2025,year_end_promotion,724.93,38175,1481,115
27/11/2025,year_end_promotion,885.92,54272,1606,117
28/11/2025,year_end_promotion,782.43,47281,1588,163
29/11/2025,year_end_promotion,780.31,40187,1038,81
30/11/2025,year_end_promotion,731.19,39225,1050,76
01/12/2025,year_end_promotion,773.26,46521,1386,103
02/12/2025,year_end_promotion,974.4,60837,1824,145
03/12/2025,year_end_promotion,547.86,24673,770,80
04/12/2025,year_end_promotion,1097.47,65095,1891,172
05/12/2025,year_end_promotion,600.04,32344,827,69
06/12/2025,year_end_promotion,1036.51,69907,2276,203
07/12/2025,year_end_promotion,572.09,28884,1129,113
08/12/2025,year_end_promotion,946.44,54041,2147,171
09/12/2025,year_end_promotion,792.6,56476,1537,138
10/12/2025,year_end_promotion,764.95,48502,1464,114
11/12/2025,year_end_promotion,774.68,45911,1216,74
12/12/2025,year_end_promotion,803.41,42007,1437,112
13/12/2025,year_end_promotion,730.35,41005,1380,136
14/12/2025,year_end_promotion,831.4,36207,1132,94
15/12/2025,year_end_promotion,806.75,46490,1399,140
16/12/2025,year_end_promotion,777.87,48880,1269,61
17/12/2025,year_end_promotion,676.75,48412,1464,119
18/12/2025,year_end_promotion,863.05,44790,1472,125
19/12/2025,year_end_promotion,1134.15,69981,2305,217
20/12/2025,year_end_promotion,915.38,43974,1636,121
21/12/2025,year_end_promotion,944.16,52318,1893,199
22/12/2025,year_end_promotion,914.06,47247,1421,131
23/12/2025,year_end_promotion,763.04,39901,1239,97
24/12/2025,year_end_promotion,905.0,46960,1509,110
25/12/2025,year_end_promotion,564.87,33550,1226,93
26/12/2025,year_end_promotion,947.53,53518,1384,140
27/12/2025,year_end_promotion,526.29,28577,1008,68
28/12/2025,year_end_promotion,1068.69,54622,2074,168
29/12/2025,year_end_promotion,931.23,50629,2208,199
30/12/2025,year_end_promotion,983.95,58142,1905,153
31/12/2025,year_end_promotion,892.31,54234,1974,183
invalid_date,tet_promotion,500.0,27000,800,70
15/01/2024,TET_PROMOTION,610.5,33000,1100,90
20/05/2024,summer_promotion,,30000,900,80
,spring_campaign,450.0,25000,700,60
09/09/2025,mid_autumn_campaign,577.25,31000,950,85
